{
	"credit": "Made with Blockbench",
	"textures": {
		"texture": "thermalfoundation:3dres/coils/electrum"
	},
	"elements": [
		{
			"name": "Box1",
			"from": [6, 0, 6],
			"to": [10, 16, 10],
			"rotation": {"angle": 45, "axis": "z", "origin": [8, 8, 8]},
			"faces": {
				"north": {"uv": [0, 0, 4, 16], "texture": "#texture"},
				"east": {"uv": [0, 0, 4, 16], "texture": "#texture"},
				"south": {"uv": [0, 0, 4, 16], "texture": "#texture"},
				"west": {"uv": [0, 0, 4, 16], "texture": "#texture"},
				"up": {"uv": [4, 0, 8, 4], "texture": "#texture"},
				"down": {"uv": [4, 0, 8, 4], "texture": "#texture"}
			}
		},
		{
			"name": "Box2",
			"from": [5.5, 1.5, 5.5],
			"to": [10.5, 2.5, 10.5],
			"rotation": {"angle": 45, "axis": "z", "origin": [8, 8, 8]},
			"faces": {
				"north": {"uv": [8, 5, 4, 4], "texture": "#texture"},
				"east": {"uv": [8, 4, 7, 8], "rotation": 90, "texture": "#texture"},
				"south": {"uv": [4, 7, 8, 8], "texture": "#texture"},
				"west": {"uv": [4, 4, 5, 8], "rotation": 270, "texture": "#texture"},
				"up": {"uv": [4, 4, 8, 8], "texture": "#texture"},
				"down": {"uv": [4, 8, 8, 4], "texture": "#texture"}
			}
		},
		{
			"name": "Box2",
			"from": [5.5, 3, 5.5],
			"to": [10.5, 4, 10.5],
			"rotation": {"angle": 45, "axis": "z", "origin": [8, 8, 8]},
			"faces": {
				"north": {"uv": [8, 5, 4, 4], "texture": "#texture"},
				"east": {"uv": [8, 4, 7, 8], "rotation": 90, "texture": "#texture"},
				"south": {"uv": [4, 7, 8, 8], "texture": "#texture"},
				"west": {"uv": [4, 4, 5, 8], "rotation": 270, "texture": "#texture"},
				"up": {"uv": [4, 4, 8, 8], "texture": "#texture"},
				"down": {"uv": [4, 8, 8, 4], "texture": "#texture"}
			}
		},
		{
			"name": "Box2",
			"from": [5.5, 4.5, 5.5],
			"to": [10.5, 5.5, 10.5],
			"rotation": {"angle": 45, "axis": "z", "origin": [8, 8, 8]},
			"faces": {
				"north": {"uv": [8, 5, 4, 4], "texture": "#texture"},
				"east": {"uv": [8, 4, 7, 8], "rotation": 90, "texture": "#texture"},
				"south": {"uv": [4, 7, 8, 8], "texture": "#texture"},
				"west": {"uv": [4, 4, 5, 8], "rotation": 270, "texture": "#texture"},
				"up": {"uv": [4, 4, 8, 8], "texture": "#texture"},
				"down": {"uv": [4, 8, 8, 4], "texture": "#texture"}
			}
		},
		{
			"name": "Box2",
			"from": [5.5, 6, 5.5],
			"to": [10.5, 7, 10.5],
			"rotation": {"angle": 45, "axis": "z", "origin": [8, 8, 8]},
			"faces": {
				"north": {"uv": [8, 5, 4, 4], "texture": "#texture"},
				"east": {"uv": [8, 4, 7, 8], "rotation": 90, "texture": "#texture"},
				"south": {"uv": [4, 7, 8, 8], "texture": "#texture"},
				"west": {"uv": [4, 4, 5, 8], "rotation": 270, "texture": "#texture"},
				"up": {"uv": [4, 4, 8, 8], "texture": "#texture"},
				"down": {"uv": [4, 8, 8, 4], "texture": "#texture"}
			}
		},
		{
			"name": "Box2",
			"from": [5.5, 7.5, 5.5],
			"to": [10.5, 8.5, 10.5],
			"rotation": {"angle": 45, "axis": "z", "origin": [8, 8, 8]},
			"faces": {
				"north": {"uv": [8, 5, 4, 4], "texture": "#texture"},
				"east": {"uv": [8, 4, 7, 8], "rotation": 90, "texture": "#texture"},
				"south": {"uv": [4, 7, 8, 8], "texture": "#texture"},
				"west": {"uv": [4, 4, 5, 8], "rotation": 270, "texture": "#texture"},
				"up": {"uv": [4, 4, 8, 8], "texture": "#texture"},
				"down": {"uv": [4, 8, 8, 4], "texture": "#texture"}
			}
		},
		{
			"name": "Box2",
			"from": [5.5, 9, 5.5],
			"to": [10.5, 10, 10.5],
			"rotation": {"angle": 45, "axis": "z", "origin": [8, 8, 8]},
			"faces": {
				"north": {"uv": [8, 5, 4, 4], "texture": "#texture"},
				"east": {"uv": [8, 4, 7, 8], "rotation": 90, "texture": "#texture"},
				"south": {"uv": [4, 7, 8, 8], "texture": "#texture"},
				"west": {"uv": [4, 4, 5, 8], "rotation": 270, "texture": "#texture"},
				"up": {"uv": [4, 4, 8, 8], "texture": "#texture"},
				"down": {"uv": [4, 8, 8, 4], "texture": "#texture"}
			}
		},
		{
			"name": "Box2",
			"from": [5.5, 10.5, 5.5],
			"to": [10.5, 11.5, 10.5],
			"rotation": {"angle": 45, "axis": "z", "origin": [8, 8, 8]},
			"faces": {
				"north": {"uv": [8, 5, 4, 4], "texture": "#texture"},
				"east": {"uv": [8, 4, 7, 8], "rotation": 90, "texture": "#texture"},
				"south": {"uv": [4, 7, 8, 8], "texture": "#texture"},
				"west": {"uv": [4, 4, 5, 8], "rotation": 270, "texture": "#texture"},
				"up": {"uv": [4, 4, 8, 8], "texture": "#texture"},
				"down": {"uv": [4, 8, 8, 4], "texture": "#texture"}
			}
		},
		{
			"name": "Box2",
			"from": [5.5, 12, 5.5],
			"to": [10.5, 13, 10.5],
			"rotation": {"angle": 45, "axis": "z", "origin": [8, 8, 8]},
			"faces": {
				"north": {"uv": [8, 5, 4, 4], "texture": "#texture"},
				"east": {"uv": [8, 4, 7, 8], "rotation": 90, "texture": "#texture"},
				"south": {"uv": [4, 7, 8, 8], "texture": "#texture"},
				"west": {"uv": [4, 4, 5, 8], "rotation": 270, "texture": "#texture"},
				"up": {"uv": [4, 4, 8, 8], "texture": "#texture"},
				"down": {"uv": [4, 8, 8, 4], "texture": "#texture"}
			}
		},
		{
			"name": "Box2",
			"from": [5.5, 13.5, 5.5],
			"to": [10.5, 14.5, 10.5],
			"rotation": {"angle": 45, "axis": "z", "origin": [8, 8, 8]},
			"faces": {
				"north": {"uv": [8, 5, 4, 4], "texture": "#texture"},
				"east": {"uv": [8, 4, 7, 8], "rotation": 90, "texture": "#texture"},
				"south": {"uv": [4, 7, 8, 8], "texture": "#texture"},
				"west": {"uv": [4, 4, 5, 8], "rotation": 270, "texture": "#texture"},
				"up": {"uv": [4, 4, 8, 8], "texture": "#texture"},
				"down": {"uv": [4, 8, 8, 4], "texture": "#texture"}
			}
		}
	],
	"display": {
		"thirdperson_righthand": {
			"rotation": [-5, 0, 0],
			"translation": [0, 2, 1],
			"scale": [0.5, 0.5, 0.5]
		},
		"thirdperson_lefthand": {
			"rotation": [-5, 0, 0],
			"translation": [0, 2, 1],
			"scale": [0.5, 0.5, 0.5]
		},
		"firstperson_righthand": {
			"rotation": [15, 0, 0],
			"translation": [0, 3, 0],
			"scale": [0.6, 0.6, 0.6]
		},
		"firstperson_lefthand": {
			"rotation": [15, 0, 0],
			"translation": [0, 3, 0],
			"scale": [0.6, 0.6, 0.6]
		},
		"ground": {
			"translation": [0, 2, 0],
			"scale": [0.5, 0.5, 0.5]
		},
		"gui": {
			"rotation": [10, 0, 0]
		},
		"head": {
			"rotation": [0, 180, 0],
			"translation": [0, 13, 7]
		},
		"fixed": {
			"rotation": [0, 180, 0]
		}
	}
}