{
	"__comment": "Designed by Blue_Beaker with Cubik Studio - https://cubik.studio",
	"textures": {
		"texture": "thermalfoundation:3dres/servo"
	},
	"elements": [ 	 
		{
			"__comment": "Box1",
			"from": [ 6, 2, 6 ],
			"to": [ 10, 14, 10 ],
			"faces": {
				"down": { "uv": [ 0, 12, 4, 16 ], "texture": "#texture" },
				"up": { "uv": [ 0, 12, 4, 16 ], "texture": "#texture" },
				"north": { "uv": [ 0, 0, 4, 12 ], "texture": "#texture" },
				"south": { "uv": [ 0, 0, 4, 12 ], "texture": "#texture" },
				"west": { "uv": [ 0, 0, 4, 12 ], "texture": "#texture" },
				"east": { "uv": [ 0, 0, 4, 12 ], "texture": "#texture" }
			}
		},
		{
			"__comment": "Box2",
			"from": [ 3, 1, 3 ],
			"to": [ 6, 4, 6 ],
			"faces": {
				"down": { "uv": [ 4, 0, 7, 3 ], "texture": "#texture" },
				"up": { "uv": [ 4, 0, 7, 3 ], "texture": "#texture" },
				"north": { "uv": [ 4, 0, 7, 3 ], "texture": "#texture" },
				"south": { "uv": [ 4, 0, 7, 3 ], "texture": "#texture" },
				"west": { "uv": [ 4, 0, 7, 3 ], "texture": "#texture" },
				"east": { "uv": [ 4, 0, 7, 3 ], "texture": "#texture" }
			}
		},
		{
			"__comment": "Box2",
			"from": [ 3, 1, 10 ],
			"to": [ 6, 4, 13 ],
			"faces": {
				"down": { "uv": [ 4, 0, 7, 3 ], "texture": "#texture" },
				"up": { "uv": [ 4, 0, 7, 3 ], "texture": "#texture" },
				"north": { "uv": [ 4, 0, 7, 3 ], "texture": "#texture" },
				"south": { "uv": [ 4, 0, 7, 3 ], "texture": "#texture" },
				"west": { "uv": [ 4, 0, 7, 3 ], "texture": "#texture" },
				"east": { "uv": [ 4, 0, 7, 3 ], "texture": "#texture" }
			}
		},
		{
			"__comment": "Box2",
			"from": [ 10, 1, 10 ],
			"to": [ 13, 4, 13 ],
			"faces": {
				"down": { "uv": [ 4, 0, 7, 3 ], "texture": "#texture" },
				"up": { "uv": [ 4, 0, 7, 3 ], "texture": "#texture" },
				"north": { "uv": [ 4, 0, 7, 3 ], "texture": "#texture" },
				"south": { "uv": [ 4, 0, 7, 3 ], "texture": "#texture" },
				"west": { "uv": [ 4, 0, 7, 3 ], "texture": "#texture" },
				"east": { "uv": [ 4, 0, 7, 3 ], "texture": "#texture" }
			}
		},
		{
			"__comment": "Box2",
			"from": [ 10, 1, 3 ],
			"to": [ 13, 4, 6 ],
			"faces": {
				"down": { "uv": [ 4, 0, 7, 3 ], "texture": "#texture" },
				"up": { "uv": [ 4, 0, 7, 3 ], "texture": "#texture" },
				"north": { "uv": [ 4, 0, 7, 3 ], "texture": "#texture" },
				"south": { "uv": [ 4, 0, 7, 3 ], "texture": "#texture" },
				"west": { "uv": [ 4, 0, 7, 3 ], "texture": "#texture" },
				"east": { "uv": [ 4, 0, 7, 3 ], "texture": "#texture" }
			}
		},
		{
			"__comment": "Box2",
			"from": [ 10, 12, 10 ],
			"to": [ 13, 15, 13 ],
			"faces": {
				"down": { "uv": [ 4, 0, 7, 3 ], "texture": "#texture" },
				"up": { "uv": [ 4, 0, 7, 3 ], "texture": "#texture" },
				"north": { "uv": [ 4, 0, 7, 3 ], "texture": "#texture" },
				"south": { "uv": [ 4, 0, 7, 3 ], "texture": "#texture" },
				"west": { "uv": [ 4, 0, 7, 3 ], "texture": "#texture" },
				"east": { "uv": [ 4, 0, 7, 3 ], "texture": "#texture" }
			}
		},
		{
			"__comment": "Box2",
			"from": [ 10, 12, 3 ],
			"to": [ 13, 15, 6 ],
			"faces": {
				"down": { "uv": [ 4, 0, 7, 3 ], "texture": "#texture" },
				"up": { "uv": [ 4, 0, 7, 3 ], "texture": "#texture" },
				"north": { "uv": [ 4, 0, 7, 3 ], "texture": "#texture" },
				"south": { "uv": [ 4, 0, 7, 3 ], "texture": "#texture" },
				"west": { "uv": [ 4, 0, 7, 3 ], "texture": "#texture" },
				"east": { "uv": [ 4, 0, 7, 3 ], "texture": "#texture" }
			}
		},
		{
			"__comment": "Box2",
			"from": [ 3, 12, 10 ],
			"to": [ 6, 15, 13 ],
			"faces": {
				"down": { "uv": [ 4, 0, 7, 3 ], "texture": "#texture" },
				"up": { "uv": [ 4, 0, 7, 3 ], "texture": "#texture" },
				"north": { "uv": [ 4, 0, 7, 3 ], "texture": "#texture" },
				"south": { "uv": [ 4, 0, 7, 3 ], "texture": "#texture" },
				"west": { "uv": [ 4, 0, 7, 3 ], "texture": "#texture" },
				"east": { "uv": [ 4, 0, 7, 3 ], "texture": "#texture" }
			}
		},
		{
			"__comment": "Box2",
			"from": [ 3, 12, 3 ],
			"to": [ 6, 15, 6 ],
			"faces": {
				"down": { "uv": [ 4, 0, 7, 3 ], "texture": "#texture" },
				"up": { "uv": [ 4, 0, 7, 3 ], "texture": "#texture" },
				"north": { "uv": [ 4, 0, 7, 3 ], "texture": "#texture" },
				"south": { "uv": [ 4, 0, 7, 3 ], "texture": "#texture" },
				"west": { "uv": [ 4, 0, 7, 3 ], "texture": "#texture" },
				"east": { "uv": [ 4, 0, 7, 3 ], "texture": "#texture" }
			}
		}
	],
	"display": {
		"thirdperson_righthand": {
			"rotation":  [ 0, -90, 55 ],
			"translation":  [ 0, 4, 0.5 ],
			"scale":  [ 0.85, 0.85, 0.85 ]
		},
		"thirdperson_lefthand": {
			"rotation":  [ 0, 90, -55 ],
			"translation":  [ 0, 4, 0.5 ],
			"scale":  [ 0.85, 0.85, 0.85 ]
		},
		"firstperson_righthand": {
			"rotation":  [ 0, -90, 25 ],
			"translation":  [ 1.13, 3.2, 1.13 ],
			"scale":  [ 0.68, 0.68, 0.68 ]
		},
		"firstperson_lefthand": {
			"rotation":  [ 0, 90, -25 ],
			"translation":  [ 1.13, 3.2, 1.13 ],
			"scale":  [ 0.68, 0.68, 0.68 ]
		},
		"gui": {
			"scale":  [ 0.8, 0.8, 0.8 ]
		},
		"ground": {
			"translation":  [ 0, 2, 0 ],
			"scale":  [ 0.5, 0.5, 0.5 ]
		}
	}
}