{
	"__comment": "Designed by  with Cubik Studio - https://cubik.studio",
	"textures": {
		"layer0": "items/slimeball",
		"texture": "items/slimeball"
	},
	"elements": [ 	 
		{
			"__comment": "Box1",
			"from": [ 3, 3, 3 ],
			"to": [ 13, 13, 13 ],
			"faces": {
				"down": { "uv": [ 3, 3, 13, 13 ], "texture": "#texture" },
				"up": { "uv": [ 3, 3, 13, 13 ], "texture": "#texture" },
				"north": { "uv": [ 3, 3, 13, 13 ], "texture": "#texture" },
				"south": { "uv": [ 3, 3, 13, 13 ], "texture": "#texture" },
				"west": { "uv": [ 3, 3, 13, 13 ], "texture": "#texture" },
				"east": { "uv": [ 3, 3, 13, 13 ], "texture": "#texture" }
			}
		}
	],
	"display": {
		"thirdperson_righthand": {
			"rotation":  [ 75, 45, 0 ],
			"translation":  [ 0, 2.5, 0 ],
			"scale":  [ 0.375, 0.375, 0.375 ]
		},
		"thirdperson_lefthand": {
			"rotation":  [ 75, 45, 0 ],
			"translation":  [ 0, 2.5, 0 ],
			"scale":  [ 0.375, 0.375, 0.375 ]
		},
		"firstperson_righthand": {
			"rotation":  [ 0, 45, 0 ],
			"scale":  [ 0.4, 0.4, 0.4 ]
		},
		"firstperson_lefthand": {
			"rotation":  [ 0, 45, 0 ],
			"scale":  [ 0.4, 0.4, 0.4 ]
		},
		"gui": {
			"rotation":  [ 30, 225, 0 ],
			"scale":  [ 0.625, 0.625, 0.625 ]
		},
		"ground": {
			"translation":  [ 0, 3, 0 ],
			"scale":  [ 0.25, 0.25, 0.25 ]
		},
		"fixed": {
			"scale":  [ 0.5, 0.5, 0.5 ]
		}
	}
}