{
	"parent": "thermalfoundation:block/tools/bow",
	"textures": {
		"bow": "thermalfoundation:3dres/tools/bows/diamond"
	},
	"overrides": [
		{
			"predicate": {
				"pulling": 1.0
			},
			"model": "thermalfoundation:item/tool/bow_diamond_0"
		},
		{
			"predicate": {
				"pulling": 1.0,
				"pull": 0.65
			},
			"model": "thermalfoundation:item/tool/bow_diamond_1"
		},
		{
			"predicate": {
				"pulling": 1.0,
				"pull": 0.9
			},
			"model": "thermalfoundation:item/tool/bow_diamond_2"
		}
	]
}
