{
	"parent": "thermalfoundation:item/bow",
	"textures": {
		"stick": "thermalfoundation:3dres/tools/bows/aluminum"
	},
	"overrides": [
		{
			"predicate": {
				"pulling": 1.0
			},
			"model": "thermalfoundation:item/tool/bow_aluminum_0"
		},
		{
			"predicate": {
				"pulling": 1.0,
				"pull": 0.65
			},
			"model": "thermalfoundation:item/tool/bow_aluminum_1"
		},
		{
			"predicate": {
				"pulling": 1.0,
				"pull": 0.9
			},
			"model": "thermalfoundation:item/tool/bow_aluminum_2"
		}
	]
}
