{
	"__comment": "Designed by Blue_Beaker with Cubik Studio - https://cubik.studio",
	"textures": {
		"stick": "thermalfoundation:3dres/tools/stick",
		"string": "thermalfoundation:3dres/tools/string"
	},
	"elements": [ 	 
		{
			"__comment": "Box1",
			"from": [ 7, 11, 3 ],
			"to": [ 9, 17, 5 ],
			"rotation": { "origin": [ 7, 11, 3 ], "axis": "x", "angle": 22.5 },
			"faces": {
				"down": { "uv": [ 2, 0, 4, 2 ], "texture": "#stick" },
				"up": { "uv": [ 2, 0, 4, 2 ], "texture": "#stick" },
				"north": { "uv": [ 8, 9, 10, 15 ], "texture": "#stick" },
				"south": { "uv": [ 8, 9, 10, 15 ], "texture": "#stick" },
				"west": { "uv": [ 8, 9, 10, 15 ], "texture": "#stick" },
				"east": { "uv": [ 8, 9, 10, 15 ], "texture": "#stick" }
			}
		},
		{
			"__comment": "Box1",
			"from": [ 7, -1, 3 ],
			"to": [ 9, 5, 5 ],
			"rotation": { "origin": [ 7, 5, 3 ], "axis": "x", "angle": -22.5 },
			"faces": {
				"down": { "uv": [ 2, 0, 4, 2 ], "texture": "#stick" },
				"up": { "uv": [ 2, 0, 4, 2 ], "texture": "#stick" },
				"north": { "uv": [ 8, 9, 10, 15 ], "texture": "#stick" },
				"south": { "uv": [ 8, 9, 10, 15 ], "texture": "#stick" },
				"west": { "uv": [ 8, 9, 10, 15 ], "texture": "#stick" },
				"east": { "uv": [ 8, 9, 10, 15 ], "texture": "#stick" }
			}
		},
		{
			"__comment": "Box1",
			"from": [ 7, 5, 3 ],
			"to": [ 9, 11, 5 ],
			"faces": {
				"down": { "uv": [ 2, 0, 4, 2 ], "texture": "#stick" },
				"up": { "uv": [ 2, 0, 4, 2 ], "texture": "#stick" },
				"north": { "uv": [ 8, 9, 10, 15 ], "texture": "#stick" },
				"south": { "uv": [ 8, 9, 10, 15 ], "texture": "#stick" },
				"west": { "uv": [ 8, 9, 10, 15 ], "texture": "#stick" },
				"east": { "uv": [ 8, 9, 10, 15 ], "texture": "#stick" }
			}
		},
		{
			"__comment": "Box4",
			"from": [ 7.5, 8, 5.5 ],
			"to": [ 8.5, 15.5, 6.5 ],
			"faces": {
				"down": { "uv": [ 7.5, 9.5, 8.5, 10.5 ], "texture": "#string" },
				"up": { "uv": [ 7.5, 5.5, 8.5, 6.5 ], "texture": "#string" },
				"north": { "uv": [ 7.5, 0.5, 8.5, 8 ], "texture": "#string" },
				"south": { "uv": [ 7.5, 0.5, 8.5, 8 ], "texture": "#string" },
				"west": { "uv": [ 5.5, 0.5, 6.5, 8 ], "texture": "#string" },
				"east": { "uv": [ 9.5, 0.5, 10.5, 8 ], "texture": "#string" }
			}
		},
		{
			"__comment": "Box4",
			"from": [ 7.5, 0.5, 5.5 ],
			"to": [ 8.5, 8, 6.5 ],
			"faces": {
				"down": { "uv": [ 7.5, 9.5, 8.5, 10.5 ], "texture": "#string" },
				"up": { "uv": [ 7.5, 5.5, 8.5, 6.5 ], "texture": "#string" },
				"north": { "uv": [ 7.5, 8, 8.5, 15.5 ], "texture": "#string" },
				"south": { "uv": [ 7.5, 8, 8.5, 15.5 ], "texture": "#string" },
				"west": { "uv": [ 5.5, 8, 6.5, 15.5 ], "texture": "#string" },
				"east": { "uv": [ 9.5, 8, 10.5, 15.5 ], "texture": "#string" }
			}
		}
	],
	"display": {
		"thirdperson_righthand": {
			"rotation":  [ -5, 0, 0 ],
			"translation":  [ 0, 2, 1 ],
			"scale":  [ 0.5, 0.5, 0.5 ]
		},
		"thirdperson_lefthand": {
			"rotation":  [ -5, 0, 0 ],
			"translation":  [ 0, 2, 1 ],
			"scale":  [ 0.5, 0.5, 0.5 ]
		},
		"firstperson_righthand": {
			"rotation":  [ 15, 0, 0 ],
			"translation":  [ 0, 3, 0 ],
			"scale":  [ 0.5, 0.5, 0.5 ]
		},
		"firstperson_lefthand": {
			"rotation":  [ 15, 0, 0 ],
			"translation":  [ 0, 3, 0 ],
			"scale":  [ 0.5, 0.5, 0.5 ]
		},
		"gui": {
			"rotation":  [ 10, 90, 0 ],
			"translation":  [ 2, 0, 0 ],
			"scale":  [ 0.8, 0.8, 0.8 ]
		},
		"head": {
			"rotation":  [ 90, 45, -90 ],
			"translation":  [ 0, 0, 7.8 ]
		},
		"ground": {
			"rotation":  [ 90, 90, 0 ],
			"translation":  [ 2, 2, 0 ],
			"scale":  [ 0.5, 0.5, 0.5 ]
		},
		"fixed": {
			"rotation":  [ 0, -90, 0 ],
			"translation":  [ -1, 0, 0 ],
			"scale":  [ 0.5, 0.5, 0.5 ]
		}
	},
    "overrides": [
        {
            "predicate": {
                "pulling": 1
            },
            "model": "item/bow_pulling_0"
        },
        {
            "predicate": {
                "pulling": 1,
                "pull": 0.65
            },
            "model": "item/bow_pulling_1"
        },
        {
            "predicate": {
                "pulling": 1,
                "pull": 0.9
            },
            "model": "item/bow_pulling_2"
        }
    ]
}