{
	"credit": "Made with Blockbench",
	"textures": {
		"stick": "redstonearsenal:3dres/tools/stick",
		"head": "redstonearsenal:3dres/tools/battlewrench/flux"
	},
	"elements": [
		{
			"name": "Box1",
			"from": [5, 10, 6],
			"to": [11, 16, 10],
			"rotation": {"angle": 0, "axis": "y", "origin": [10, 13, 8]},
			"faces": {
				"north": {"uv": [0, 6, 6, 12], "texture": "#head"},
				"east": {"uv": [10, 6, 14, 12], "texture": "#head"},
				"south": {"uv": [0, 6, 6, 12], "texture": "#head"},
				"west": {"uv": [10, 6, 14, 12], "texture": "#head"},
				"up": {"uv": [0, 0, 6, 4], "rotation": 180, "texture": "#head"},
				"down": {"uv": [0, 0, 6, 4], "texture": "#head"}
			}
		},
		{
			"name": "Box1",
			"from": [7, 0, 7],
			"to": [9, 12, 9],
			"faces": {
				"north": {"uv": [0, 4, 2, 16], "texture": "#stick"},
				"east": {"uv": [0, 4, 2, 16], "texture": "#stick"},
				"south": {"uv": [0, 4, 2, 16], "texture": "#stick"},
				"west": {"uv": [0, 4, 2, 16], "texture": "#stick"},
				"down": {"uv": [2, 0, 4, 2], "rotation": 270, "texture": "#stick"}
			}
		},
		{
			"from": [3, 14, 6],
			"to": [5, 16, 10],
			"rotation": {"angle": 0, "axis": "y", "origin": [4, 15, 8]},
			"faces": {
				"north": {"uv": [6, 6, 8, 8], "texture": "#head"},
				"south": {"uv": [8, 6, 6, 8], "texture": "#head"},
				"west": {"uv": [10, 4, 14, 6], "texture": "#head"},
				"up": {"uv": [8, 0, 10, 4], "texture": "#head"},
				"down": {"uv": [8, 0, 10, 4], "texture": "#head"}
			}
		},
		{
			"from": [11, 14, 6],
			"to": [13, 16, 10],
			"rotation": {"angle": 0, "axis": "y", "origin": [12, 15, 8]},
			"faces": {
				"north": {"uv": [8, 6, 10, 8], "texture": "#head"},
				"east": {"uv": [10, 4, 14, 6], "texture": "#head"},
				"south": {"uv": [10, 6, 8, 8], "texture": "#head"},
				"up": {"uv": [8, 0, 10, 4], "texture": "#head"},
				"down": {"uv": [8, 0, 10, 4], "texture": "#head"}
			}
		},
		{
			"from": [3, 10, 6],
			"to": [5, 12, 10],
			"rotation": {"angle": 0, "axis": "y", "origin": [4, 11, 8]},
			"faces": {
				"north": {"uv": [6, 10, 8, 12], "texture": "#head"},
				"south": {"uv": [8, 10, 6, 12], "texture": "#head"},
				"west": {"uv": [10, 4, 14, 6], "texture": "#head"},
				"up": {"uv": [8, 0, 10, 4], "texture": "#head"},
				"down": {"uv": [8, 0, 10, 4], "texture": "#head"}
			}
		},
		{
			"from": [11, 10, 6],
			"to": [13, 12, 10],
			"rotation": {"angle": 0, "axis": "y", "origin": [12, 11, 8]},
			"faces": {
				"north": {"uv": [8, 10, 10, 12], "texture": "#head"},
				"east": {"uv": [10, 4, 14, 6], "texture": "#head"},
				"south": {"uv": [10, 10, 8, 12], "texture": "#head"},
				"up": {"uv": [8, 0, 10, 4], "texture": "#head"},
				"down": {"uv": [8, 0, 10, 4], "texture": "#head"}
			}
		}
	],
	"display": {
		"thirdperson_righthand": {
			"rotation": [-5, 90, 0],
			"translation": [0, 2, 1],
			"scale": [0.8, 0.8, 0.8]
		},
		"thirdperson_lefthand": {
			"rotation": [-5, -90, 0],
			"translation": [0, 2, 1],
			"scale": [0.8, 0.8, 0.8]
		},
		"firstperson_righthand": {
			"rotation": [15, 90, 0],
			"translation": [0, 3, 0],
			"scale": [0.8, 0.8, 0.8]
		},
		"firstperson_lefthand": {
			"rotation": [15, -90, 0],
			"translation": [0, 3, 0],
			"scale": [0.8, 0.8, 0.8]
		},
		"ground": {
			"scale": [0.5, 0.5, 0.5]
		},
		"gui": {
			"rotation": [10, -180, 45],
			"translation": [-1, -1, 0],
			"scale": [0.9, 0.9, 0.9]
		},
		"head": {
			"rotation": [0, 0, 45],
			"translation": [0, 0, 7.8]
		},
		"fixed": {
			"rotation": [0, 0, 45],
			"translation": [0, -1, 0]
		}
	}
}