{
	"gui_light": "front",
	"credit": "Made with Blockbench",
	"textures": {
		"stick": "redstone_arsenal:3dres/tools/stick",
		"head": "redstone_arsenal:3dres/tools/axes/flux"
	},
	"elements": [
		{
			"name": "Box1",
			"from": [7, 0, 7],
			"to": [9, 16, 9],
			"faces": {
				"north": {"uv": [0, 0, 2, 16], "texture": "#stick"},
				"east": {"uv": [0, 0, 2, 16], "texture": "#stick"},
				"south": {"uv": [0, 0, 2, 16], "texture": "#stick"},
				"west": {"uv": [0, 0, 2, 16], "texture": "#stick"},
				"up": {"uv": [2, 0, 4, 2], "rotation": 90, "texture": "#stick"},
				"down": {"uv": [2, 0, 4, 2], "rotation": 270, "texture": "#stick"}
			}
		},
		{
			"name": "Box1",
			"from": [9.5, 10.93, 7.5],
			"to": [14.5, 14.93, 8.5],
			"rotation": {"angle": 22.5, "axis": "z", "origin": [9.5, 13, 7.5]},
			"faces": {
				"north": {"uv": [6, 0, 11, 4], "texture": "#head"},
				"east": {"uv": [1, 4, 2, 8], "texture": "#head"},
				"south": {"uv": [11, 0, 16, 4], "texture": "#head"},
				"up": {"uv": [0, 4, 1, 9], "rotation": 90, "texture": "#head"}
			}
		},
		{
			"name": "Box1",
			"from": [6.5, 11, 6.5],
			"to": [9.5, 15, 9.5],
			"faces": {
				"north": {"uv": [0, 0, 3, 4], "texture": "#head"},
				"east": {"uv": [0, 0, 3, 4], "texture": "#head"},
				"south": {"uv": [0, 0, 3, 4], "texture": "#head"},
				"west": {"uv": [0, 0, 3, 4], "texture": "#head"},
				"up": {"uv": [3, 0, 6, 3], "rotation": 90, "texture": "#head"},
				"down": {"uv": [3, 0, 6, 3], "rotation": 270, "texture": "#head"}
			}
		},
		{
			"name": "Box1",
			"from": [9.5, 11.07, 7.5],
			"to": [14.5, 15.07, 8.5],
			"rotation": {"angle": -22.5, "axis": "z", "origin": [9.5, 13, 7.5]},
			"faces": {
				"north": {"uv": [6, 4, 11, 8], "texture": "#head"},
				"east": {"uv": [1, 4, 2, 8], "texture": "#head"},
				"south": {"uv": [11, 4, 16, 8], "texture": "#head"},
				"down": {"uv": [0, 4, 1, 9], "rotation": 270, "texture": "#head"}
			}
		}
	],
	"display": {
		"thirdperson_righthand": {
			"rotation": [-5, 90, 0],
			"translation": [0, 2, 1],
			"scale": [0.8, 0.8, 0.8]
		},
		"thirdperson_lefthand": {
			"rotation": [-5, -90, 0],
			"translation": [0, 2, 1],
			"scale": [0.8, 0.8, 0.8]
		},
		"firstperson_righthand": {
			"rotation": [15, 90, 0],
			"translation": [0, 3, 0],
			"scale": [0.8, 0.8, 0.8]
		},
		"firstperson_lefthand": {
			"rotation": [15, -90, 0],
			"translation": [0, 3, 0],
			"scale": [0.8, 0.8, 0.8]
		},
		"ground": {
			"scale": [0.5, 0.5, 0.5]
		},
		"gui": {
			"rotation": [10, -180, 45],
			"translation": [-1, -1, 0],
			"scale": [0.9, 0.9, 0.9]
		},
		"head": {
			"rotation": [0, 0, 45],
			"translation": [0, 0, 7.8]
		},
		"fixed": {
			"rotation": [0, 0, 45],
			"translation": [0, -1, 0]
		}
	}
}
