{
	"__comment": "Designed by Blue_Beaker with Cubik Studio - https://cubik.studio",
	"textures": {
		"stick": "3dres/tool/stick",
		"head": "3dres/tools/shears/platinum"
	},
	"elements": [ 	 
		{
			"__comment": "Box1",
			"from": [ 7, 3, 2 ],
			"to": [ 9, 15, 4 ],
			"faces": {
				"down": { "uv": [ 2, 0, 4, 2 ], "texture": "#stick" },
				"up": { "uv": [ 2, 0, 4, 2 ], "texture": "#stick" },
				"north": { "uv": [ 0, 0, 2, 14 ], "texture": "#stick" },
				"south": { "uv": [ 0, 0, 2, 14 ], "texture": "#stick" },
				"west": { "uv": [ 0, 0, 2, 14 ], "texture": "#stick" },
				"east": { "uv": [ 0, 0, 2, 14 ], "texture": "#stick" }
			}
		},
		{
			"__comment": "Box7",
			"from": [ 7.5, 6, 4 ],
			"to": [ 8, 15, 8 ],
			"faces": {
				"down": { "uv": [ 7.5, 8, 8, 12 ], "texture": "#head" },
				"up": { "uv": [ 7.5, 4, 8, 8 ], "texture": "#head" },
				"north": { "uv": [ 8, 3, 8.5, 12 ], "texture": "#head" },
				"south": { "uv": [ 7.5, 3, 8, 12 ], "texture": "#head" },
				"west": { "uv": [ 4, 3, 8, 12 ], "texture": "#head" },
				"east": { "uv": [ 8, 3, 12, 12 ], "texture": "#head" }
			}
		},
		{
			"__comment": "Box7",
			"from": [ 8, 6, 8 ],
			"to": [ 8.5, 15, 12 ],
			"faces": {
				"down": { "uv": [ 8, 4, 8.5, 8 ], "texture": "#head" },
				"up": { "uv": [ 8, 8, 8.5, 12 ], "texture": "#head" },
				"north": { "uv": [ 7.5, 3, 8, 12 ], "texture": "#head" },
				"south": { "uv": [ 8, 3, 8.5, 12 ], "texture": "#head" },
				"west": { "uv": [ 8, 3, 12, 12 ], "texture": "#head" },
				"east": { "uv": [ 4, 3, 8, 12 ], "texture": "#head" }
			}
		},
		{
			"__comment": "Box1",
			"from": [ 7, 3, 12 ],
			"to": [ 9, 15, 14 ],
			"faces": {
				"down": { "uv": [ 2, 0, 4, 2 ], "texture": "#stick" },
				"up": { "uv": [ 2, 0, 4, 2 ], "texture": "#stick" },
				"north": { "uv": [ 0, 0, 2, 14 ], "texture": "#stick" },
				"south": { "uv": [ 0, 0, 2, 14 ], "texture": "#stick" },
				"west": { "uv": [ 0, 0, 2, 14 ], "texture": "#stick" },
				"east": { "uv": [ 0, 0, 2, 14 ], "texture": "#stick" }
			}
		},
		{
			"__comment": "Box1",
			"from": [ 7, 1, 2 ],
			"to": [ 9, 3, 14 ],
			"faces": {
				"down": { "uv": [ 2, 0, 4, 2 ], "texture": "#stick" },
				"up": { "uv": [ 2, 0, 4, 2 ], "texture": "#stick" },
				"north": { "uv": [ 2, 2, 4, 16 ], "texture": "#stick", "rotation": 90 },
				"south": { "uv": [ 2, 2, 4, 16 ], "texture": "#stick", "rotation": 90 },
				"west": { "uv": [ 2, 2, 4, 16 ], "texture": "#stick", "rotation": 90 },
				"east": { "uv": [ 2, 2, 4, 16 ], "texture": "#stick", "rotation": 90 }
			}
		},
		{
			"__comment": "Box11",
			"from": [ 6.5, 1.5, 7.5 ],
			"to": [ 9.5, 2.5, 8.5 ],
			"faces": {
				"down": { "uv": [ 7.5, 13.5, 8.5, 14.5 ], "texture": "#head", "rotation": 270 },
				"up": { "uv": [ 7.5, 14.5, 8.5, 13.5 ], "texture": "#head", "rotation": 90 },
				"north": { "uv": [ 7.5, 13.5, 8.5, 14.5 ], "texture": "#head" },
				"south": { "uv": [ 8.5, 13.5, 7.5, 14.5 ], "texture": "#head" },
				"west": { "uv": [ 7.5, 13.5, 8.5, 14.5 ], "texture": "#head" },
				"east": { "uv": [ 8.5, 13.5, 7.5, 14.5 ], "texture": "#head" }
			}
		}
	],
	"display": {
		"thirdperson_righthand": {
			"translation":  [ 0, 3, 1 ],
			"scale":  [ 0.5, 0.5, 0.5 ]
		},
		"thirdperson_lefthand": {
			"translation":  [ 0, 3, 1 ],
			"scale":  [ 0.5, 0.5, 0.5 ]
		},
		"firstperson_righthand": {
			"rotation":  [ 15, 0, 0 ],
			"translation":  [ 0, 3, 0 ],
			"scale":  [ 0.5, 0.5, 0.5 ]
		},
		"firstperson_lefthand": {
			"rotation":  [ 15, 0, 0 ],
			"translation":  [ 0, 3, 0 ],
			"scale":  [ 0.5, 0.5, 0.5 ]
		},
		"gui": {
			"rotation":  [ 10, 90, 0 ],
			"scale":  [ 0.8, 0.8, 0.8 ]
		},
		"head": {
			"rotation":  [ 90, 45, -90 ],
			"translation":  [ 0, 0, 7.8 ]
		},
		"ground": {
			"rotation":  [ 90, 90, 0 ],
			"scale":  [ 0.5, 0.5, 0.5 ]
		},
		"fixed": {
			"rotation":  [ 0, -90, 0 ],
			"scale":  [ 0.5, 0.5, 0.5 ]
		}
	}
}