{
	"parent": "redstone_arsenal:item/tool/shield",
	"textures": {
		"all": "redstone_arsenal:items/tool/shield_flux"
	},
	"overrides": [
		{
			"predicate": {
				"active": 1
			},
			"model": "redstone_arsenal:item/tool/shield_flux_active"
		},
		{
			"predicate": {
				"blocking": 1,
				"active": 1
			},
			"model": "redstone_arsenal:item/tool/shield_flux_active_blocking"
		},
		{
			"predicate": {
				"empowered": 1
			},
			"model": "redstone_arsenal:item/tool/shield_flux_empowered"
		},
		{
			"predicate": {
				"blocking": 1,
				"empowered": 1
			},
			"model": "redstone_arsenal:item/tool/shield_flux_empowered_blocking"
		}
	]
}
