{
	"__comment": "Designed by Blue_Beaker with Cubik Studio - https://cubik.studio",
	"textures": {
		"texture": "thermalfoundation:3dres/upgrades/incremental_4"
	},
	"elements": [ 	 
		{
			"__comment": "Box1",
			"from": [ 0, 0, 0 ],
			"to": [ 2, 16, 2 ],
			"faces": {
				"north": { "uv": [ 14, 0, 16, 16 ], "texture": "#texture" },
				"south": { "uv": [ 0, 0, 2, 16 ], "texture": "#texture" },
				"west": { "uv": [ 0, 0, 2, 16 ], "texture": "#texture" },
				"east": { "uv": [ 14, 0, 16, 16 ], "texture": "#texture" }
			}
		},
		{
			"__comment": "Box1",
			"from": [ 14, 0, 0 ],
			"to": [ 16, 16, 2 ],
			"faces": {
				"north": { "uv": [ 0, 0, 2, 16 ], "texture": "#texture" },
				"south": { "uv": [ 14, 0, 16, 16 ], "texture": "#texture" },
				"west": { "uv": [ 0, 0, 2, 16 ], "texture": "#texture" },
				"east": { "uv": [ 14, 0, 16, 16 ], "texture": "#texture" }
			}
		},
		{
			"__comment": "Box1",
			"from": [ 0, 0, 14 ],
			"to": [ 2, 16, 16 ],
			"faces": {
				"north": { "uv": [ 14, 0, 16, 16 ], "texture": "#texture" },
				"south": { "uv": [ 0, 0, 2, 16 ], "texture": "#texture" },
				"west": { "uv": [ 14, 0, 16, 16 ], "texture": "#texture" },
				"east": { "uv": [ 0, 0, 2, 16 ], "texture": "#texture" }
			}
		},
		{
			"__comment": "Box1",
			"from": [ 14, 0, 14 ],
			"to": [ 16, 16, 16 ],
			"faces": {
				"north": { "uv": [ 0, 0, 2, 16 ], "texture": "#texture" },
				"south": { "uv": [ 14, 0, 16, 16 ], "texture": "#texture" },
				"west": { "uv": [ 14, 0, 16, 16 ], "texture": "#texture" },
				"east": { "uv": [ 0, 0, 2, 16 ], "texture": "#texture" }
			}
		},
		{
			"__comment": "Box1",
			"from": [ 0, 0, 14 ],
			"to": [ 16, 2, 16 ],
			"faces": {
				"down": { "uv": [ 0, 0, 16, 2 ], "texture": "#texture" },
				"up": { "uv": [ 0, 14, 16, 16 ], "texture": "#texture" },
				"north": { "uv": [ 0, 14, 16, 16 ], "texture": "#texture" },
				"south": { "uv": [ 0, 14, 16, 16 ], "texture": "#texture" }
			}
		},
		{
			"__comment": "Box1",
			"from": [ 0, 14, 14 ],
			"to": [ 16, 16, 16 ],
			"faces": {
				"down": { "uv": [ 0, 0, 16, 2 ], "texture": "#texture" },
				"up": { "uv": [ 0, 14, 16, 16 ], "texture": "#texture" },
				"north": { "uv": [ 0, 0, 16, 2 ], "texture": "#texture" },
				"south": { "uv": [ 0, 0, 16, 2 ], "texture": "#texture" }
			}
		},
		{
			"__comment": "Box1",
			"from": [ 0, 14, 0 ],
			"to": [ 16, 16, 2 ],
			"faces": {
				"down": { "uv": [ 0, 14, 16, 16 ], "texture": "#texture" },
				"up": { "uv": [ 0, 0, 16, 2 ], "texture": "#texture" },
				"north": { "uv": [ 0, 0, 16, 2 ], "texture": "#texture" },
				"south": { "uv": [ 0, 0, 16, 2 ], "texture": "#texture" }
			}
		},
		{
			"__comment": "Box1",
			"from": [ 0, 0, 0 ],
			"to": [ 16, 2, 2 ],
			"faces": {
				"down": { "uv": [ 0, 14, 16, 16 ], "texture": "#texture" },
				"up": { "uv": [ 0, 0, 16, 2 ], "texture": "#texture" },
				"north": { "uv": [ 0, 14, 16, 16 ], "texture": "#texture" },
				"south": { "uv": [ 0, 14, 16, 16 ], "texture": "#texture" }
			}
		},
		{
			"__comment": "Box1",
			"from": [ 0, 14, 0 ],
			"to": [ 2, 16, 16 ],
			"faces": {
				"down": { "uv": [ 0, 0, 2, 16 ], "texture": "#texture" },
				"up": { "uv": [ 0, 0, 2, 16 ], "texture": "#texture" },
				"west": { "uv": [ 0, 0, 16, 2 ], "texture": "#texture" },
				"east": { "uv": [ 0, 0, 16, 2 ], "texture": "#texture" }
			}
		},
		{
			"__comment": "Box1",
			"from": [ 14, 14, 0 ],
			"to": [ 16, 16, 16 ],
			"faces": {
				"down": { "uv": [ 14, 0, 16, 16 ], "texture": "#texture" },
				"up": { "uv": [ 14, 0, 16, 16 ], "texture": "#texture" },
				"west": { "uv": [ 0, 0, 16, 2 ], "texture": "#texture" },
				"east": { "uv": [ 0, 0, 16, 2 ], "texture": "#texture" }
			}
		},
		{
			"__comment": "Box1",
			"from": [ 14, 0, 0 ],
			"to": [ 16, 2, 16 ],
			"faces": {
				"down": { "uv": [ 14, 0, 16, 16 ], "texture": "#texture" },
				"up": { "uv": [ 14, 0, 16, 16 ], "texture": "#texture" },
				"west": { "uv": [ 0, 14, 16, 16 ], "texture": "#texture" },
				"east": { "uv": [ 0, 14, 16, 16 ], "texture": "#texture" }
			}
		},
		{
			"__comment": "Box1",
			"from": [ 0, 0, 0 ],
			"to": [ 2, 2, 16 ],
			"faces": {
				"down": { "uv": [ 0, 0, 2, 16 ], "texture": "#texture" },
				"up": { "uv": [ 0, 0, 2, 16 ], "texture": "#texture" },
				"west": { "uv": [ 0, 14, 16, 16 ], "texture": "#texture" },
				"east": { "uv": [ 0, 14, 16, 16 ], "texture": "#texture" }
			}
		},
		{
			"__comment": "Box13",
			"from": [ 6, 4, 7.5 ],
			"to": [ 10, 7, 8.5 ],
			"faces": {
				"down": { "uv": [ 2, 11, 6, 12 ], "texture": "#texture" },
				"north": { "uv": [ 6, 9, 2, 12 ], "texture": "#texture" },
				"south": { "uv": [ 2, 9, 6, 12 ], "texture": "#texture" },
				"west": { "uv": [ 2, 9, 3, 12 ], "texture": "#texture" },
				"east": { "uv": [ 6, 9, 5, 12 ], "texture": "#texture" }
			}
		},
		{
			"__comment": "Box13",
			"from": [ 5, 7, 7.5 ],
			"to": [ 11, 8, 8.5 ],
			"faces": {
				"down": { "uv": [ 2, 8, 8, 9 ], "texture": "#texture" },
				"north": { "uv": [ 8, 8, 2, 9 ], "texture": "#texture" },
				"south": { "uv": [ 2, 8, 8, 9 ], "texture": "#texture" },
				"west": { "uv": [ 2, 8, 3, 9 ], "texture": "#texture" },
				"east": { "uv": [ 8, 8, 7, 9 ], "texture": "#texture" }
			}
		},
		{
			"__comment": "Box13",
			"from": [ 5, 8, 7.5 ],
			"to": [ 9.242001, 12.242, 8.5 ],
			"rotation": { "origin": [ 5, 8, 7.5 ], "axis": "z", "angle": -45 },
			"faces": {
				"up": { "uv": [ 2, 3, 8, 2 ], "texture": "#texture" },
				"north": { "uv": [ 8, 2, 2, 8 ], "texture": "#texture" },
				"south": { "uv": [ 2, 2, 8, 8 ], "texture": "#texture" },
				"west": { "uv": [ 2, 2, 3, 8 ], "texture": "#texture" }
			}
		}
	],
	"display": {
		"thirdperson_righthand": {
			"rotation":  [ -5, 0, 0 ],
			"translation":  [ 0, 2, 1 ],
			"scale":  [ 0.5, 0.5, 0.5 ]
		},
		"thirdperson_lefthand": {
			"rotation":  [ -5, 0, 0 ],
			"translation":  [ 0, 2, 1 ],
			"scale":  [ 0.5, 0.5, 0.5 ]
		},
		"firstperson_righthand": {
			"translation":  [ 0, 3, 0 ],
			"scale":  [ 0.5, 0.5, 0.5 ]
		},
		"firstperson_lefthand": {
			"translation":  [ 0, 3, 0 ],
			"scale":  [ 0.5, 0.5, 0.5 ]
		},
		"gui": {
			"rotation":  [ 10, 0, 0 ],
			"scale":  [ 0.8, 0.8, 0.8 ]
		},
		"ground": {
			"translation":  [ 0, 3, 0 ],
			"scale":  [ 0.25, 0.25, 0.25 ]
		},
		"fixed": {
			"scale":  [ 0.5, 0.5, 0.5 ]
		}
	}
}