{
	"gui_light": "front",
	"__comment": "Designed by Blue_Beaker with Cubik Studio - https://cubik.studio",
	"textures": {
	},
	"elements": [ 	 
		{
			"__comment": "Box1",
			"from": [ 1, 1, 7.5 ],
			"to": [ 15, 15, 8.5 ],
			"faces": {
				"down": { "uv": [ 1, 14, 15, 15 ], "texture": "#texture" },
				"up": { "uv": [ 1, 2, 15, 1 ], "texture": "#texture" },
				"north": { "uv": [ 15, 1, 1, 15 ], "texture": "#texture" },
				"south": { "uv": [ 1, 1, 15, 15 ], "texture": "#texture" },
				"west": { "uv": [ 1, 1, 2, 15 ], "texture": "#texture" },
				"east": { "uv": [ 15, 1, 14, 15 ], "texture": "#texture" }
			}
		},
		{
			"__comment": "Box2",
			"from": [ 1, 1, 7 ],
			"to": [ 15, 2, 9 ],
			"faces": {
				"down": { "uv": [ 1, 14, 15, 15 ], "texture": "#texture" },
				"up": { "uv": [ 1, 15, 15, 14 ], "texture": "#texture" },
				"north": { "uv": [ 15, 14, 1, 15 ], "texture": "#texture" },
				"south": { "uv": [ 1, 14, 15, 15 ], "texture": "#texture" },
				"west": { "uv": [ 1, 14, 2, 15 ], "texture": "#texture" },
				"east": { "uv": [ 15, 14, 14, 15 ], "texture": "#texture" }
			}
		},
		{
			"__comment": "Box2",
			"from": [ 1, 14, 7 ],
			"to": [ 15, 15, 9 ],
			"faces": {
				"down": { "uv": [ 1, 1, 15, 2 ], "texture": "#texture" },
				"up": { "uv": [ 1, 2, 15, 1 ], "texture": "#texture" },
				"north": { "uv": [ 15, 1, 1, 2 ], "texture": "#texture" },
				"south": { "uv": [ 1, 1, 15, 2 ], "texture": "#texture" },
				"west": { "uv": [ 1, 1, 2, 2 ], "texture": "#texture" },
				"east": { "uv": [ 15, 1, 14, 2 ], "texture": "#texture" }
			}
		},
		{
			"__comment": "Box2",
			"from": [ 1, 1, 7 ],
			"to": [ 2, 15, 9 ],
			"faces": {
				"down": { "uv": [ 1, 14, 2, 15 ], "texture": "#texture" },
				"up": { "uv": [ 1, 2, 2, 1 ], "texture": "#texture" },
				"north": { "uv": [ 2, 1, 1, 15 ], "texture": "#texture" },
				"south": { "uv": [ 1, 1, 2, 15 ], "texture": "#texture" },
				"west": { "uv": [ 1, 1, 2, 15 ], "texture": "#texture" },
				"east": { "uv": [ 2, 1, 1, 15 ], "texture": "#texture" }
			}
		},
		{
			"__comment": "Box2",
			"from": [ 14, 1, 7 ],
			"to": [ 15, 15, 9 ],
			"faces": {
				"down": { "uv": [ 14, 14, 15, 15 ], "texture": "#texture" },
				"up": { "uv": [ 14, 2, 15, 1 ], "texture": "#texture" },
				"north": { "uv": [ 15, 1, 14, 15 ], "texture": "#texture" },
				"south": { "uv": [ 14, 1, 15, 15 ], "texture": "#texture" },
				"west": { "uv": [ 14, 1, 15, 15 ], "texture": "#texture" },
				"east": { "uv": [ 15, 1, 14, 15 ], "texture": "#texture" }
			}
		},
		{
			"__comment": "Box6",
			"from": [ 3, 3, 7 ],
			"to": [ 4, 4, 9 ],
			"faces": {
				"down": { "uv": [ 3, 12, 4, 13 ], "texture": "#texture" },
				"up": { "uv": [ 3, 13, 4, 12 ], "texture": "#texture" },
				"north": { "uv": [ 4, 12, 3, 13 ], "texture": "#texture" },
				"south": { "uv": [ 3, 12, 4, 13 ], "texture": "#texture" },
				"west": { "uv": [ 3, 12, 4, 13 ], "texture": "#texture" },
				"east": { "uv": [ 4, 12, 3, 13 ], "texture": "#texture" }
			}
		},
		{
			"__comment": "Box6",
			"from": [ 3, 12, 7 ],
			"to": [ 4, 13, 9 ],
			"faces": {
				"down": { "uv": [ 3, 3, 4, 4 ], "texture": "#texture" },
				"up": { "uv": [ 3, 4, 4, 3 ], "texture": "#texture" },
				"north": { "uv": [ 4, 3, 3, 4 ], "texture": "#texture" },
				"south": { "uv": [ 3, 3, 4, 4 ], "texture": "#texture" },
				"west": { "uv": [ 3, 3, 4, 4 ], "texture": "#texture" },
				"east": { "uv": [ 4, 3, 3, 4 ], "texture": "#texture" }
			}
		},
		{
			"__comment": "Box6",
			"from": [ 12, 12, 7 ],
			"to": [ 13, 13, 9 ],
			"faces": {
				"down": { "uv": [ 12, 3, 13, 4 ], "texture": "#texture" },
				"up": { "uv": [ 12, 4, 13, 3 ], "texture": "#texture" },
				"north": { "uv": [ 13, 3, 12, 4 ], "texture": "#texture" },
				"south": { "uv": [ 12, 3, 13, 4 ], "texture": "#texture" },
				"west": { "uv": [ 12, 3, 13, 4 ], "texture": "#texture" },
				"east": { "uv": [ 13, 3, 12, 4 ], "texture": "#texture" }
			}
		},
		{
			"__comment": "Box6",
			"from": [ 12, 3, 7 ],
			"to": [ 13, 4, 9 ],
			"faces": {
				"down": { "uv": [ 12, 12, 13, 13 ], "texture": "#texture" },
				"up": { "uv": [ 12, 13, 13, 12 ], "texture": "#texture" },
				"north": { "uv": [ 13, 12, 12, 13 ], "texture": "#texture" },
				"south": { "uv": [ 12, 12, 13, 13 ], "texture": "#texture" },
				"west": { "uv": [ 12, 12, 13, 13 ], "texture": "#texture" },
				"east": { "uv": [ 13, 12, 12, 13 ], "texture": "#texture" }
			}
		}
	],
	"display": {
		"thirdperson_righthand": {
			"rotation":  [ 0, -90, 55 ],
			"translation":  [ 0, 4, 0.5 ],
			"scale":  [ 0.85, 0.85, 0.85 ]
		},
		"thirdperson_lefthand": {
			"rotation":  [ 0, 90, -55 ],
			"translation":  [ 0, 4, 0.5 ],
			"scale":  [ 0.85, 0.85, 0.85 ]
		},
		"firstperson_righthand": {
			"rotation":  [ 0, -90, 25 ],
			"translation":  [ 1.13, 3.2, 1.13 ],
			"scale":  [ 0.68, 0.68, 0.68 ]
		},
		"firstperson_lefthand": {
			"rotation":  [ 0, 90, -25 ],
			"translation":  [ 1.13, 3.2, 1.13 ],
			"scale":  [ 0.68, 0.68, 0.68 ]
		},
		"gui": {
			"rotation":  [ 10, 0, 0 ],
			"scale":  [ 0.8, 0.8, 0.8 ]
		},
		"ground": {
			"translation":  [ 0, 2, 0 ],
			"scale":  [ 0.5, 0.5, 0.5 ]
		},
		"fixed": {
			"scale":  [ 0.8, 0.8, 0.8 ]
		}
	}
}