{
	"__comment": "Designed by Blue_Beaker with Cubik Studio - https://cubik.studio",
	"textures": {
		"texture": "3dres/coils/electrum"
	},
	"elements": [ 	 
		{
			"__comment": "Box1",
			"from": [ 6, 0, 6 ],
			"to": [ 10, 16, 10 ],
			"faces": {
				"down": { "uv": [ 4, 0, 8, 4 ], "texture": "#texture" },
				"up": { "uv": [ 4, 0, 8, 4 ], "texture": "#texture" },
				"north": { "uv": [ 0, 0, 4, 16 ], "texture": "#texture" },
				"south": { "uv": [ 0, 0, 4, 16 ], "texture": "#texture" },
				"west": { "uv": [ 0, 0, 4, 16 ], "texture": "#texture" },
				"east": { "uv": [ 0, 0, 4, 16 ], "texture": "#texture" }
			}
		},
		{
			"__comment": "Box2",
			"from": [ 5.5, 1.5, 5.5 ],
			"to": [ 10.5, 2.5, 10.5 ],
			"faces": {
				"down": { "uv": [ 4, 8, 8, 4 ], "texture": "#texture" },
				"up": { "uv": [ 4, 4, 8, 8 ], "texture": "#texture" },
				"north": { "uv": [ 8, 5, 4, 4 ], "texture": "#texture" },
				"south": { "uv": [ 4, 7, 8, 8 ], "texture": "#texture" },
				"west": { "uv": [ 4, 4, 5, 8 ], "texture": "#texture", "rotation": 270 },
				"east": { "uv": [ 8, 4, 7, 8 ], "texture": "#texture", "rotation": 90 }
			}
		},
		{
			"__comment": "Box2",
			"from": [ 5.5, 3, 5.5 ],
			"to": [ 10.5, 4, 10.5 ],
			"faces": {
				"down": { "uv": [ 4, 8, 8, 4 ], "texture": "#texture" },
				"up": { "uv": [ 4, 4, 8, 8 ], "texture": "#texture" },
				"north": { "uv": [ 8, 5, 4, 4 ], "texture": "#texture" },
				"south": { "uv": [ 4, 7, 8, 8 ], "texture": "#texture" },
				"west": { "uv": [ 4, 4, 5, 8 ], "texture": "#texture", "rotation": 270 },
				"east": { "uv": [ 8, 4, 7, 8 ], "texture": "#texture", "rotation": 90 }
			}
		},
		{
			"__comment": "Box2",
			"from": [ 5.5, 4.5, 5.5 ],
			"to": [ 10.5, 5.5, 10.5 ],
			"faces": {
				"down": { "uv": [ 4, 8, 8, 4 ], "texture": "#texture" },
				"up": { "uv": [ 4, 4, 8, 8 ], "texture": "#texture" },
				"north": { "uv": [ 8, 5, 4, 4 ], "texture": "#texture" },
				"south": { "uv": [ 4, 7, 8, 8 ], "texture": "#texture" },
				"west": { "uv": [ 4, 4, 5, 8 ], "texture": "#texture", "rotation": 270 },
				"east": { "uv": [ 8, 4, 7, 8 ], "texture": "#texture", "rotation": 90 }
			}
		},
		{
			"__comment": "Box2",
			"from": [ 5.5, 6, 5.5 ],
			"to": [ 10.5, 7, 10.5 ],
			"faces": {
				"down": { "uv": [ 4, 8, 8, 4 ], "texture": "#texture" },
				"up": { "uv": [ 4, 4, 8, 8 ], "texture": "#texture" },
				"north": { "uv": [ 8, 5, 4, 4 ], "texture": "#texture" },
				"south": { "uv": [ 4, 7, 8, 8 ], "texture": "#texture" },
				"west": { "uv": [ 4, 4, 5, 8 ], "texture": "#texture", "rotation": 270 },
				"east": { "uv": [ 8, 4, 7, 8 ], "texture": "#texture", "rotation": 90 }
			}
		},
		{
			"__comment": "Box2",
			"from": [ 5.5, 7.5, 5.5 ],
			"to": [ 10.5, 8.5, 10.5 ],
			"faces": {
				"down": { "uv": [ 4, 8, 8, 4 ], "texture": "#texture" },
				"up": { "uv": [ 4, 4, 8, 8 ], "texture": "#texture" },
				"north": { "uv": [ 8, 5, 4, 4 ], "texture": "#texture" },
				"south": { "uv": [ 4, 7, 8, 8 ], "texture": "#texture" },
				"west": { "uv": [ 4, 4, 5, 8 ], "texture": "#texture", "rotation": 270 },
				"east": { "uv": [ 8, 4, 7, 8 ], "texture": "#texture", "rotation": 90 }
			}
		},
		{
			"__comment": "Box2",
			"from": [ 5.5, 9, 5.5 ],
			"to": [ 10.5, 10, 10.5 ],
			"faces": {
				"down": { "uv": [ 4, 8, 8, 4 ], "texture": "#texture" },
				"up": { "uv": [ 4, 4, 8, 8 ], "texture": "#texture" },
				"north": { "uv": [ 8, 5, 4, 4 ], "texture": "#texture" },
				"south": { "uv": [ 4, 7, 8, 8 ], "texture": "#texture" },
				"west": { "uv": [ 4, 4, 5, 8 ], "texture": "#texture", "rotation": 270 },
				"east": { "uv": [ 8, 4, 7, 8 ], "texture": "#texture", "rotation": 90 }
			}
		},
		{
			"__comment": "Box2",
			"from": [ 5.5, 10.5, 5.5 ],
			"to": [ 10.5, 11.5, 10.5 ],
			"faces": {
				"down": { "uv": [ 4, 8, 8, 4 ], "texture": "#texture" },
				"up": { "uv": [ 4, 4, 8, 8 ], "texture": "#texture" },
				"north": { "uv": [ 8, 5, 4, 4 ], "texture": "#texture" },
				"south": { "uv": [ 4, 7, 8, 8 ], "texture": "#texture" },
				"west": { "uv": [ 4, 4, 5, 8 ], "texture": "#texture", "rotation": 270 },
				"east": { "uv": [ 8, 4, 7, 8 ], "texture": "#texture", "rotation": 90 }
			}
		},
		{
			"__comment": "Box2",
			"from": [ 5.5, 12, 5.5 ],
			"to": [ 10.5, 13, 10.5 ],
			"faces": {
				"down": { "uv": [ 4, 8, 8, 4 ], "texture": "#texture" },
				"up": { "uv": [ 4, 4, 8, 8 ], "texture": "#texture" },
				"north": { "uv": [ 8, 5, 4, 4 ], "texture": "#texture" },
				"south": { "uv": [ 4, 7, 8, 8 ], "texture": "#texture" },
				"west": { "uv": [ 4, 4, 5, 8 ], "texture": "#texture", "rotation": 270 },
				"east": { "uv": [ 8, 4, 7, 8 ], "texture": "#texture", "rotation": 90 }
			}
		},
		{
			"__comment": "Box2",
			"from": [ 5.5, 13.5, 5.5 ],
			"to": [ 10.5, 14.5, 10.5 ],
			"faces": {
				"down": { "uv": [ 4, 8, 8, 4 ], "texture": "#texture" },
				"up": { "uv": [ 4, 4, 8, 8 ], "texture": "#texture" },
				"north": { "uv": [ 8, 5, 4, 4 ], "texture": "#texture" },
				"south": { "uv": [ 4, 7, 8, 8 ], "texture": "#texture" },
				"west": { "uv": [ 4, 4, 5, 8 ], "texture": "#texture", "rotation": 270 },
				"east": { "uv": [ 8, 4, 7, 8 ], "texture": "#texture", "rotation": 90 }
			}
		}
	],
	"display": {
		"thirdperson_righthand": {
			"rotation":  [ 0, 0, -45 ],
			"translation":  [ 0, 3, 2 ],
			"scale":  [ 0.375, 0.375, 0.375 ]
		},
		"thirdperson_lefthand": {
			"rotation":  [ 0, 0, 45 ],
			"translation":  [ 0, 3, 2 ],
			"scale":  [ 0.375, 0.375, 0.375 ]
		},
		"firstperson_righthand": {
			"rotation":  [ 0, 0, -45 ],
			"scale":  [ 0.4, 0.4, 0.4 ]
		},
		"firstperson_lefthand": {
			"rotation":  [ 0, 0, 45 ],
			"scale":  [ 0.4, 0.4, 0.4 ]
		},
		"gui": {
			"rotation":  [ 10, 0, -45 ],
			"scale":  [ 0.8, 0.8, 0.8 ]
		},
		"ground": {
			"rotation":  [ 0, 0, -45 ],
			"translation":  [ 0, 2, 0 ],
			"scale":  [ 0.5, 0.5, 0.5 ]
		},
		"fixed": {
			"rotation":  [ 0, 0, 45 ]
		}
	}
}