{
	"__comment": "Designed by Blue_Beaker with Cubik Studio - https://cubik.studio",
	"textures": {
		"texture": "3dres/coins/aluminum"
	},
	"elements": [ 	 
		{
			"__comment": "Box1",
			"from": [ 4, 1, 7.5 ],
			"to": [ 12, 15, 8.5 ],
			"faces": {
				"north": { "uv": [ 4, 1, 12, 15 ], "texture": "#texture" },
				"south": { "uv": [ 4, 1, 12, 15 ], "texture": "#texture" }
			}
		},
		{
			"__comment": "Box1",
			"from": [ 3, 2, 7.5 ],
			"to": [ 4, 14, 8.5 ],
			"faces": {
				"north": { "uv": [ 12, 2, 13, 14 ], "texture": "#texture" },
				"south": { "uv": [ 3, 2, 4, 14 ], "texture": "#texture" }
			}
		},
		{
			"__comment": "Box1",
			"from": [ 2, 3, 7.5 ],
			"to": [ 3, 13, 8.5 ],
			"faces": {
				"north": { "uv": [ 13, 3, 14, 13 ], "texture": "#texture" },
				"south": { "uv": [ 2, 3, 3, 13 ], "texture": "#texture" }
			}
		},
		{
			"__comment": "Box1",
			"from": [ 1, 4, 7.5 ],
			"to": [ 2, 12, 8.5 ],
			"faces": {
				"north": { "uv": [ 14, 4, 15, 12 ], "texture": "#texture" },
				"south": { "uv": [ 1, 4, 2, 12 ], "texture": "#texture" }
			}
		},
		{
			"__comment": "Box1",
			"from": [ 14, 4, 7.5 ],
			"to": [ 15, 12, 8.5 ],
			"faces": {
				"north": { "uv": [ 1, 4, 2, 12 ], "texture": "#texture" },
				"south": { "uv": [ 14, 4, 15, 12 ], "texture": "#texture" }
			}
		},
		{
			"__comment": "Box1",
			"from": [ 13, 3, 7.5 ],
			"to": [ 14, 13, 8.5 ],
			"faces": {
				"north": { "uv": [ 2, 3, 3, 13 ], "texture": "#texture" },
				"south": { "uv": [ 13, 3, 14, 13 ], "texture": "#texture" }
			}
		},
		{
			"__comment": "Box1",
			"from": [ 12, 2, 7.5 ],
			"to": [ 13, 14, 8.5 ],
			"faces": {
				"north": { "uv": [ 3, 2, 4, 14 ], "texture": "#texture" },
				"south": { "uv": [ 12, 2, 13, 14 ], "texture": "#texture" }
			}
		},
		{
			"__comment": "side",
			"from": [ 4.65, 0, 7 ],
			"to": [ 11.35, 1, 9 ],
			"faces": {
				"down": { "uv": [ 4.75, 15, 11.25, 16 ], "texture": "#texture" },
				"up": { "uv": [ 4.75, 16, 11.25, 15 ], "texture": "#texture" },
				"north": { "uv": [ 11.25, 15, 4.75, 16 ], "texture": "#texture" },
				"south": { "uv": [ 4.75, 15, 11.25, 16 ], "texture": "#texture" }
			}
		},
		{
			"__comment": "side",
			"from": [ 4.65, 15, 7 ],
			"to": [ 11.35, 16, 9 ],
			"faces": {
				"down": { "uv": [ 4.75, 0, 11.25, 1 ], "texture": "#texture" },
				"up": { "uv": [ 4.75, 1, 11.25, 0 ], "texture": "#texture" },
				"north": { "uv": [ 11.25, 0, 4.75, 1 ], "texture": "#texture" },
				"south": { "uv": [ 4.75, 0, 11.25, 1 ], "texture": "#texture" }
			}
		},
		{
			"__comment": "side",
			"from": [ 4.65, 15, 7 ],
			"to": [ 11.35, 16, 9 ],
			"rotation": { "origin": [ 8, 8, 7 ], "axis": "z", "angle": -45 },
			"faces": {
				"down": { "uv": [ 4.75, 0, 11.25, 1 ], "texture": "#texture" },
				"up": { "uv": [ 4.75, 1, 11.25, 0 ], "texture": "#texture" },
				"north": { "uv": [ 11.25, 0, 4.75, 1 ], "texture": "#texture" },
				"south": { "uv": [ 4.75, 0, 11.25, 1 ], "texture": "#texture" }
			}
		},
		{
			"__comment": "side",
			"from": [ 4.65, 0, 7 ],
			"to": [ 11.35, 1, 9 ],
			"rotation": { "origin": [ 8, 8, 7 ], "axis": "z", "angle": -45 },
			"faces": {
				"down": { "uv": [ 4.75, 15, 11.25, 16 ], "texture": "#texture" },
				"up": { "uv": [ 4.75, 16, 11.25, 15 ], "texture": "#texture" },
				"north": { "uv": [ 11.25, 15, 4.75, 16 ], "texture": "#texture" },
				"south": { "uv": [ 4.75, 15, 11.25, 16 ], "texture": "#texture" }
			}
		},
		{
			"__comment": "side",
			"from": [ 15, 4.65, 7 ],
			"to": [ 16, 11.35, 9 ],
			"rotation": { "origin": [ 8, 8, 7 ], "axis": "z", "angle": -45 },
			"faces": {
				"north": { "uv": [ 11.25, 15, 4.75, 16 ], "texture": "#texture", "rotation": 90 },
				"south": { "uv": [ 4.75, 15, 11.25, 16 ], "texture": "#texture", "rotation": 270 },
				"west": { "uv": [ 4.75, 16, 11.25, 15 ], "texture": "#texture", "rotation": 270 },
				"east": { "uv": [ 11.25, 16, 4.75, 15 ], "texture": "#texture", "rotation": 90 }
			}
		},
		{
			"__comment": "side",
			"from": [ 15, 4.65, 7 ],
			"to": [ 16, 11.35, 9 ],
			"faces": {
				"north": { "uv": [ 11.25, 15, 4.75, 16 ], "texture": "#texture", "rotation": 90 },
				"south": { "uv": [ 4.75, 15, 11.25, 16 ], "texture": "#texture", "rotation": 270 },
				"west": { "uv": [ 4.75, 16, 11.25, 15 ], "texture": "#texture", "rotation": 270 },
				"east": { "uv": [ 11.25, 16, 4.75, 15 ], "texture": "#texture", "rotation": 90 }
			}
		},
		{
			"__comment": "side",
			"from": [ 0, 4.65, 7 ],
			"to": [ 1, 11.35, 9 ],
			"faces": {
				"north": { "uv": [ 11.25, 0, 4.75, 1 ], "texture": "#texture", "rotation": 90 },
				"south": { "uv": [ 4.75, 0, 11.25, 1 ], "texture": "#texture", "rotation": 270 },
				"west": { "uv": [ 4.75, 1, 11.25, 0 ], "texture": "#texture", "rotation": 270 },
				"east": { "uv": [ 11.25, 1, 4.75, 0 ], "texture": "#texture", "rotation": 90 }
			}
		},
		{
			"__comment": "side",
			"from": [ 0, 4.65, 7 ],
			"to": [ 1, 11.35, 9 ],
			"rotation": { "origin": [ 8, 8, 7 ], "axis": "z", "angle": -45 },
			"faces": {
				"north": { "uv": [ 11.25, 0, 4.75, 1 ], "texture": "#texture", "rotation": 90 },
				"south": { "uv": [ 4.75, 0, 11.25, 1 ], "texture": "#texture", "rotation": 270 },
				"west": { "uv": [ 4.75, 1, 11.25, 0 ], "texture": "#texture", "rotation": 270 },
				"east": { "uv": [ 11.25, 1, 4.75, 0 ], "texture": "#texture", "rotation": 90 }
			}
		},
		{
			"__comment": "Box16",
			"from": [ 9, 9, 7 ],
			"to": [ 12, 10, 7.5 ],
			"faces": {
				"down": { "uv": [ 0, 0, 1, 1 ], "texture": "#texture" },
				"up": { "uv": [ 0, 0, 1, 1 ], "texture": "#texture" },
				"north": { "uv": [ 0, 0, 1, 1 ], "texture": "#texture" },
				"west": { "uv": [ 0, 0, 1, 1 ], "texture": "#texture" },
				"east": { "uv": [ 0, 0, 1, 1 ], "texture": "#texture" }
			}
		},
		{
			"__comment": "Box16",
			"from": [ 10, 6, 7 ],
			"to": [ 11, 9, 7.5 ],
			"faces": {
				"down": { "uv": [ 0, 0, 1, 1 ], "texture": "#texture" },
				"north": { "uv": [ 0, 0, 1, 1 ], "texture": "#texture" },
				"west": { "uv": [ 0, 0, 1, 1 ], "texture": "#texture" },
				"east": { "uv": [ 0, 0, 1, 1 ], "texture": "#texture" }
			}
		},
		{
			"__comment": "Box16",
			"from": [ 6, 6, 7 ],
			"to": [ 7, 10, 7.5 ],
			"faces": {
				"down": { "uv": [ 0, 0, 1, 1 ], "texture": "#texture" },
				"up": { "uv": [ 0, 0, 1, 1 ], "texture": "#texture" },
				"north": { "uv": [ 0, 0, 1, 1 ], "texture": "#texture" },
				"west": { "uv": [ 0, 0, 1, 1 ], "texture": "#texture" },
				"east": { "uv": [ 0, 0, 1, 1 ], "texture": "#texture" }
			}
		},
		{
			"__comment": "Box16",
			"from": [ 4, 6, 7 ],
			"to": [ 6, 7, 7.5 ],
			"faces": {
				"down": { "uv": [ 0, 0, 1, 1 ], "texture": "#texture" },
				"up": { "uv": [ 0, 0, 1, 1 ], "texture": "#texture" },
				"north": { "uv": [ 0, 0, 1, 1 ], "texture": "#texture" },
				"west": { "uv": [ 0, 0, 1, 1 ], "texture": "#texture" }
			}
		},
		{
			"__comment": "Box16",
			"from": [ 4, 9, 7 ],
			"to": [ 6, 10, 7.5 ],
			"faces": {
				"down": { "uv": [ 0, 0, 1, 1 ], "texture": "#texture" },
				"up": { "uv": [ 0, 0, 1, 1 ], "texture": "#texture" },
				"north": { "uv": [ 0, 0, 1, 1 ], "texture": "#texture" },
				"west": { "uv": [ 0, 0, 1, 1 ], "texture": "#texture" }
			}
		},
		{
			"__comment": "Box16",
			"from": [ 9, 6, 8.5 ],
			"to": [ 10, 10, 9 ],
			"faces": {
				"down": { "uv": [ 0, 0, 1, 1 ], "texture": "#texture", "rotation": 180 },
				"up": { "uv": [ 0, 0, 1, 1 ], "texture": "#texture", "rotation": 180 },
				"south": { "uv": [ 0, 0, 1, 1 ], "texture": "#texture" },
				"west": { "uv": [ 0, 0, 1, 1 ], "texture": "#texture" },
				"east": { "uv": [ 0, 0, 1, 1 ], "texture": "#texture" }
			}
		},
		{
			"__comment": "Box16",
			"from": [ 10, 9, 8.5 ],
			"to": [ 12, 10, 9 ],
			"faces": {
				"down": { "uv": [ 0, 0, 1, 1 ], "texture": "#texture", "rotation": 180 },
				"up": { "uv": [ 0, 0, 1, 1 ], "texture": "#texture", "rotation": 180 },
				"south": { "uv": [ 0, 0, 1, 1 ], "texture": "#texture" },
				"east": { "uv": [ 0, 0, 1, 1 ], "texture": "#texture" }
			}
		},
		{
			"__comment": "Box16",
			"from": [ 10, 6, 8.5 ],
			"to": [ 12, 7, 9 ],
			"faces": {
				"down": { "uv": [ 0, 0, 1, 1 ], "texture": "#texture", "rotation": 180 },
				"up": { "uv": [ 0, 0, 1, 1 ], "texture": "#texture", "rotation": 180 },
				"south": { "uv": [ 0, 0, 1, 1 ], "texture": "#texture" },
				"east": { "uv": [ 0, 0, 1, 1 ], "texture": "#texture" }
			}
		},
		{
			"__comment": "Box16",
			"from": [ 5, 6, 8.5 ],
			"to": [ 6, 9, 9 ],
			"faces": {
				"down": { "uv": [ 0, 0, 1, 1 ], "texture": "#texture", "rotation": 180 },
				"south": { "uv": [ 0, 0, 1, 1 ], "texture": "#texture" },
				"west": { "uv": [ 0, 0, 1, 1 ], "texture": "#texture" },
				"east": { "uv": [ 0, 0, 1, 1 ], "texture": "#texture" }
			}
		},
		{
			"__comment": "Box16",
			"from": [ 4, 9, 8.5 ],
			"to": [ 7, 10, 9 ],
			"faces": {
				"down": { "uv": [ 0, 0, 1, 1 ], "texture": "#texture", "rotation": 180 },
				"up": { "uv": [ 0, 0, 1, 1 ], "texture": "#texture", "rotation": 180 },
				"south": { "uv": [ 0, 0, 1, 1 ], "texture": "#texture" },
				"west": { "uv": [ 0, 0, 1, 1 ], "texture": "#texture" },
				"east": { "uv": [ 0, 0, 1, 1 ], "texture": "#texture" }
			}
		}
	],
	"display": {
		"thirdperson_righthand": {
			"rotation":  [ 0, -90, 55 ],
			"translation":  [ 0, 4, 0.5 ],
			"scale":  [ 0.85, 0.85, 0.85 ]
		},
		"thirdperson_lefthand": {
			"rotation":  [ 0, 90, -55 ],
			"translation":  [ 0, 4, 0.5 ],
			"scale":  [ 0.85, 0.85, 0.85 ]
		},
		"firstperson_righthand": {
			"rotation":  [ 0, -90, 25 ],
			"translation":  [ 1.13, 3.2, 1.13 ],
			"scale":  [ 0.68, 0.68, 0.68 ]
		},
		"firstperson_lefthand": {
			"rotation":  [ 0, 90, -25 ],
			"translation":  [ 1.13, 3.2, 1.13 ],
			"scale":  [ 0.68, 0.68, 0.68 ]
		},
		"gui": {
			"rotation":  [ 10, 0, 0 ],
			"scale":  [ 0.8, 0.8, 0.8 ]
		},
		"ground": {
			"translation":  [ 0, 2, 0 ],
			"scale":  [ 0.5, 0.5, 0.5 ]
		},
		"fixed": {
			"scale":  [ 0.8, 0.8, 0.8 ]
		}
	}
}