{
	"__comment": "Designed by  with Cubik Studio - https://cubik.studio",
	"textures": {
		"texture": "3dres/crystals/cinnabar"
	},
	"elements": [ 	 
		{
			"__comment": "Box1",
			"from": [ 3, 0, 7 ],
			"to": [ 13, 10, 11 ],
			"faces": {
				"down": { "uv": [ 0, 10, 5, 12 ], "texture": "#texture" },
				"north": { "uv": [ 0, 0, 5, 5 ], "texture": "#texture" },
				"south": { "uv": [ 0, 0, 5, 5 ], "texture": "#texture" },
				"west": { "uv": [ 0, 12, 5, 14 ], "texture": "#texture", "rotation": 270 },
				"east": { "uv": [ 0, 12, 5, 14 ], "texture": "#texture", "rotation": 270 }
			}
		},
		{
			"__comment": "Box9",
			"from": [ 3, 10, 7 ],
			"to": [ 10.071, 17.071, 11 ],
			"rotation": { "origin": [ 3, 10, 7 ], "axis": "z", "angle": -45 },
			"faces": {
				"up": { "uv": [ 0, 12, 5, 14 ], "texture": "#texture" },
				"north": { "uv": [ 0, 5, 5, 10 ], "texture": "#texture", "rotation": 90 },
				"south": { "uv": [ 0, 5, 5, 10 ], "texture": "#texture" },
				"west": { "uv": [ 0, 12, 5, 14 ], "texture": "#texture", "rotation": 90 }
			}
		}
	],
	"display": {
		"thirdperson_righthand": {
			"rotation":  [ 75, 45, 0 ],
			"translation":  [ 0, 2.5, 0 ],
			"scale":  [ 0.375, 0.375, 0.375 ]
		},
		"thirdperson_lefthand": {
			"rotation":  [ 75, 45, 0 ],
			"translation":  [ 0, 2.5, 0 ],
			"scale":  [ 0.375, 0.375, 0.375 ]
		},
		"firstperson_righthand": {
			"rotation":  [ 0, 45, 0 ],
			"scale":  [ 0.4, 0.4, 0.4 ]
		},
		"firstperson_lefthand": {
			"rotation":  [ 0, 45, 0 ],
			"scale":  [ 0.4, 0.4, 0.4 ]
		},
		"gui": {
			"rotation":  [ 10, 0, 0 ],
			"scale":  [ 0.8, 0.8, 0.8 ]
		},
		"ground": {
			"translation":  [ 0, 3, 0 ],
			"scale":  [ 0.25, 0.25, 0.25 ]
		}
	}
}