{
	"__comment": "Designed by Blue_Beaker with Cubik Studio - https://cubik.studio",
	"textures": {
		"texture": "thermalfoundation:3dres/drill_head"
	},
	"elements": [ 	 
		{
			"__comment": "Box1",
			"from": [ 7, 7, 5 ],
			"to": [ 9, 9, 7 ],
			"faces": {
				"down": { "uv": [ 0, 4, 5, 5 ], "texture": "#texture" },
				"up": { "uv": [ 0, 4, 5, 5 ], "texture": "#texture" },
				"north": { "uv": [ 0, 0, 1, 1 ], "texture": "#texture" },
				"west": { "uv": [ 0, 4, 5, 5 ], "texture": "#texture", "rotation": 90 },
				"east": { "uv": [ 0, 4, 5, 5 ], "texture": "#texture", "rotation": 90 }
			}
		},
		{
			"__comment": "Box1",
			"from": [ 7.5, 7.5, 3 ],
			"to": [ 8.5, 8.5, 5 ],
			"faces": {
				"down": { "uv": [ 0, 1, 2, 2 ], "texture": "#texture" },
				"up": { "uv": [ 0, 1, 2, 2 ], "texture": "#texture" },
				"north": { "uv": [ 0, 0, 1, 1 ], "texture": "#texture" },
				"west": { "uv": [ 0, 1, 2, 2 ], "texture": "#texture", "rotation": 90 },
				"east": { "uv": [ 0, 1, 2, 2 ], "texture": "#texture", "rotation": 90 }
			}
		},
		{
			"__comment": "Box1",
			"from": [ 6.5, 6.5, 7 ],
			"to": [ 9.5, 9.5, 9 ],
			"faces": {
				"down": { "uv": [ 0, 5, 6, 6 ], "texture": "#texture" },
				"up": { "uv": [ 0, 5, 6, 6 ], "texture": "#texture" },
				"north": { "uv": [ 0, 0, 1, 1 ], "texture": "#texture" },
				"west": { "uv": [ 0, 5, 6, 6 ], "texture": "#texture", "rotation": 90 },
				"east": { "uv": [ 0, 5, 6, 6 ], "texture": "#texture", "rotation": 90 }
			}
		},
		{
			"__comment": "Box1",
			"from": [ 6, 6, 9 ],
			"to": [ 10, 10, 11 ],
			"faces": {
				"down": { "uv": [ 0, 7, 8, 8 ], "texture": "#texture" },
				"up": { "uv": [ 0, 7, 8, 8 ], "texture": "#texture" },
				"north": { "uv": [ 0, 0, 1, 1 ], "texture": "#texture" },
				"west": { "uv": [ 0, 7, 8, 8 ], "texture": "#texture", "rotation": 90 },
				"east": { "uv": [ 0, 7, 8, 8 ], "texture": "#texture", "rotation": 90 }
			}
		},
		{
			"__comment": "Box1",
			"from": [ 5.5, 5.5, 11 ],
			"to": [ 10.5, 10.5, 13 ],
			"faces": {
				"down": { "uv": [ 0, 9, 10, 13 ], "texture": "#texture", "rotation": 180 },
				"up": { "uv": [ 0, 9, 10, 13 ], "texture": "#texture" },
				"north": { "uv": [ 0, 0, 1, 1 ], "texture": "#texture" },
				"south": { "uv": [ 0, 0, 1, 1 ], "texture": "#texture" },
				"west": { "uv": [ 0, 9, 10, 13 ], "texture": "#texture", "rotation": 270 },
				"east": { "uv": [ 0, 9, 10, 13 ], "texture": "#texture", "rotation": 90 }
			}
		},
		{
			"__comment": "Box6",
			"from": [ 7.5, 7.5, 8 ],
			"to": [ 8.5, 8.5, 16 ],
			"faces": {
				"down": { "uv": [ 14, 0, 16, 14 ], "texture": "#texture" },
				"up": { "uv": [ 14, 0, 16, 14 ], "texture": "#texture" },
				"south": { "uv": [ 14, 0, 16, 1 ], "texture": "#texture" },
				"west": { "uv": [ 14, 0, 16, 14 ], "texture": "#texture", "rotation": 90 },
				"east": { "uv": [ 14, 0, 16, 14 ], "texture": "#texture", "rotation": 90 }
			}
		},
		{
			"__comment": "Box1",
			"from": [ 5.5, 5.5, 11 ],
			"to": [ 10.5, 10.5, 13 ],
			"faces": {
				"down": { "uv": [ 0, 9, 10, 13 ], "texture": "#texture", "rotation": 180 },
				"up": { "uv": [ 0, 9, 10, 13 ], "texture": "#texture" },
				"north": { "uv": [ 0, 0, 1, 1 ], "texture": "#texture" },
				"south": { "uv": [ 0, 0, 1, 1 ], "texture": "#texture" },
				"west": { "uv": [ 0, 9, 10, 13 ], "texture": "#texture", "rotation": 270 },
				"east": { "uv": [ 0, 9, 10, 13 ], "texture": "#texture", "rotation": 90 }
			}
		},
		{
			"__comment": "Box1",
			"from": [ 7, 7, 5 ],
			"to": [ 9, 9, 7 ],
			"faces": {
				"down": { "uv": [ 0, 4, 5, 5 ], "texture": "#texture" },
				"up": { "uv": [ 0, 4, 5, 5 ], "texture": "#texture" },
				"north": { "uv": [ 0, 0, 1, 1 ], "texture": "#texture" },
				"west": { "uv": [ 0, 4, 5, 5 ], "texture": "#texture", "rotation": 90 },
				"east": { "uv": [ 0, 4, 5, 5 ], "texture": "#texture", "rotation": 90 }
			}
		},
		{
			"__comment": "Box1",
			"from": [ 7.5, 7.5, 3 ],
			"to": [ 8.5, 8.5, 5 ],
			"faces": {
				"down": { "uv": [ 0, 1, 2, 2 ], "texture": "#texture" },
				"up": { "uv": [ 0, 1, 2, 2 ], "texture": "#texture" },
				"north": { "uv": [ 0, 0, 1, 1 ], "texture": "#texture" },
				"west": { "uv": [ 0, 1, 2, 2 ], "texture": "#texture", "rotation": 90 },
				"east": { "uv": [ 0, 1, 2, 2 ], "texture": "#texture", "rotation": 90 }
			}
		},
		{
			"__comment": "Box1",
			"from": [ 6.5, 6.5, 7 ],
			"to": [ 9.5, 9.5, 9 ],
			"faces": {
				"down": { "uv": [ 0, 5, 6, 6 ], "texture": "#texture" },
				"up": { "uv": [ 0, 5, 6, 6 ], "texture": "#texture" },
				"north": { "uv": [ 0, 0, 1, 1 ], "texture": "#texture" },
				"west": { "uv": [ 0, 5, 6, 6 ], "texture": "#texture", "rotation": 90 },
				"east": { "uv": [ 0, 5, 6, 6 ], "texture": "#texture", "rotation": 90 }
			}
		},
		{
			"__comment": "Box1",
			"from": [ 6, 6, 9 ],
			"to": [ 10, 10, 11 ],
			"faces": {
				"down": { "uv": [ 0, 7, 8, 8 ], "texture": "#texture" },
				"up": { "uv": [ 0, 7, 8, 8 ], "texture": "#texture" },
				"north": { "uv": [ 0, 0, 1, 1 ], "texture": "#texture" },
				"west": { "uv": [ 0, 7, 8, 8 ], "texture": "#texture", "rotation": 90 },
				"east": { "uv": [ 0, 7, 8, 8 ], "texture": "#texture", "rotation": 90 }
			}
		}
	],
	"display": {
		"gui": {
			"rotation":  [ 100, 45, 0 ],
			"translation":  [ -1, 1, 0 ]
		},
		"ground": {
			"translation":  [ 0, 2, 0 ],
			"scale":  [ 0.5, 0.5, 0.5 ]
		},
		"fixed": {
			"rotation":  [ 90, -45, 0 ],
			"translation":  [ 1, 1, 0 ]
		}
	}
}