{
	"__comment": "Designed by Blue_Beaker with Cubik Studio - https://cubik.studio",
	"textures": {
		"texture": "3dres/gears/aluminum"
	},
	"elements": [ 	 
		{
			"__comment": "Box1",
			"from": [ 6.5, 13, 7.5 ],
			"to": [ 9.5, 15, 8.5 ],
			"faces": {
				"down": { "uv": [ 6.5, 1, 9.5, 2 ], "texture": "#texture" },
				"up": { "uv": [ 6.5, 1, 9.5, 0 ], "texture": "#texture" },
				"north": { "uv": [ 9.5, 0, 6.5, 2 ], "texture": "#texture" },
				"south": { "uv": [ 6.5, 0, 9.5, 2 ], "texture": "#texture" },
				"west": { "uv": [ 6.5, 0, 7.5, 2 ], "texture": "#texture" },
				"east": { "uv": [ 9.5, 0, 8.5, 2 ], "texture": "#texture" }
			}
		},
		{
			"__comment": "Box1",
			"from": [ 5.9, 9, 7.5 ],
			"to": [ 10.1, 13, 8.5 ],
			"faces": {
				"down": { "uv": [ 6, 5, 10.2, 6 ], "texture": "#texture" },
				"up": { "uv": [ 6, 3, 10.2, 2 ], "texture": "#texture" },
				"north": { "uv": [ 10.2, 2, 6, 6 ], "texture": "#texture" },
				"south": { "uv": [ 6, 2, 10.2, 6 ], "texture": "#texture" },
				"west": { "uv": [ 6, 2, 7, 6 ], "texture": "#texture" },
				"east": { "uv": [ 10.2, 2, 9.200001, 6 ], "texture": "#texture" }
			}
		},
		{
			"__comment": "Box1",
			"from": [ 5.9, 9, 7.5 ],
			"to": [ 10.1, 13, 8.5 ],
			"rotation": { "origin": [ 8, 8, 7.5 ], "axis": "z", "angle": -45 },
			"faces": {
				"down": { "uv": [ 6, 5, 10.2, 6 ], "texture": "#texture" },
				"up": { "uv": [ 6, 3, 10.2, 2 ], "texture": "#texture" },
				"north": { "uv": [ 10.2, 2, 6, 6 ], "texture": "#texture" },
				"south": { "uv": [ 6, 2, 10.2, 6 ], "texture": "#texture" },
				"west": { "uv": [ 6, 2, 7, 6 ], "texture": "#texture" },
				"east": { "uv": [ 10.2, 2, 9.200001, 6 ], "texture": "#texture" }
			}
		},
		{
			"__comment": "Box1",
			"from": [ 6.5, 13, 7.5 ],
			"to": [ 9.5, 15, 8.5 ],
			"rotation": { "origin": [ 8, 8, 7.5 ], "axis": "z", "angle": -45 },
			"faces": {
				"down": { "uv": [ 6.5, 1, 9.5, 2 ], "texture": "#texture" },
				"up": { "uv": [ 6.5, 1, 9.5, 0 ], "texture": "#texture" },
				"north": { "uv": [ 9.5, 0, 6.5, 2 ], "texture": "#texture" },
				"south": { "uv": [ 6.5, 0, 9.5, 2 ], "texture": "#texture" },
				"west": { "uv": [ 6.5, 0, 7.5, 2 ], "texture": "#texture" },
				"east": { "uv": [ 9.5, 0, 8.5, 2 ], "texture": "#texture" }
			}
		},
		{
			"__comment": "Box1",
			"from": [ 1, 6.5, 7.5 ],
			"to": [ 3, 9.5, 8.5 ],
			"faces": {
				"down": { "uv": [ 7.5, 2, 6.5, 0 ], "texture": "#texture", "rotation": 90 },
				"up": { "uv": [ 9.5, 0, 8.5, 2 ], "texture": "#texture", "rotation": 270 },
				"north": { "uv": [ 9.5, 0, 6.5, 2 ], "texture": "#texture", "rotation": 90 },
				"south": { "uv": [ 6.5, 0, 9.5, 2 ], "texture": "#texture", "rotation": 270 },
				"west": { "uv": [ 6.5, 1, 9.5, 0 ], "texture": "#texture", "rotation": 270 },
				"east": { "uv": [ 9.5, 2, 6.5, 1 ], "texture": "#texture", "rotation": 90 }
			}
		},
		{
			"__comment": "Box1",
			"from": [ 3, 5.9, 7.5 ],
			"to": [ 7, 10.1, 8.5 ],
			"faces": {
				"down": { "uv": [ 7, 6, 6, 2 ], "texture": "#texture", "rotation": 90 },
				"up": { "uv": [ 10.2, 2, 9.200001, 6 ], "texture": "#texture", "rotation": 270 },
				"north": { "uv": [ 10.2, 2, 6, 6 ], "texture": "#texture", "rotation": 90 },
				"south": { "uv": [ 6, 2, 10.2, 6 ], "texture": "#texture", "rotation": 270 },
				"west": { "uv": [ 6, 3, 10.2, 2 ], "texture": "#texture", "rotation": 270 },
				"east": { "uv": [ 10.2, 6, 6, 5 ], "texture": "#texture", "rotation": 90 }
			}
		},
		{
			"__comment": "Box1",
			"from": [ 3, 5.9, 7.5 ],
			"to": [ 7, 10.1, 8.5 ],
			"rotation": { "origin": [ 8, 8, 7.5 ], "axis": "z", "angle": -45 },
			"faces": {
				"down": { "uv": [ 7, 6, 6, 2 ], "texture": "#texture", "rotation": 90 },
				"up": { "uv": [ 10.2, 2, 9.200001, 6 ], "texture": "#texture", "rotation": 270 },
				"north": { "uv": [ 10.2, 2, 6, 6 ], "texture": "#texture", "rotation": 90 },
				"south": { "uv": [ 6, 2, 10.2, 6 ], "texture": "#texture", "rotation": 270 },
				"west": { "uv": [ 6, 3, 10.2, 2 ], "texture": "#texture", "rotation": 270 },
				"east": { "uv": [ 10.2, 6, 6, 5 ], "texture": "#texture", "rotation": 90 }
			}
		},
		{
			"__comment": "Box1",
			"from": [ 1, 6.5, 7.5 ],
			"to": [ 3, 9.5, 8.5 ],
			"rotation": { "origin": [ 8, 8, 7.5 ], "axis": "z", "angle": -45 },
			"faces": {
				"down": { "uv": [ 7.5, 2, 6.5, 0 ], "texture": "#texture", "rotation": 90 },
				"up": { "uv": [ 9.5, 0, 8.5, 2 ], "texture": "#texture", "rotation": 270 },
				"north": { "uv": [ 9.5, 0, 6.5, 2 ], "texture": "#texture", "rotation": 90 },
				"south": { "uv": [ 6.5, 0, 9.5, 2 ], "texture": "#texture", "rotation": 270 },
				"west": { "uv": [ 6.5, 1, 9.5, 0 ], "texture": "#texture", "rotation": 270 },
				"east": { "uv": [ 9.5, 2, 6.5, 1 ], "texture": "#texture", "rotation": 90 }
			}
		},
		{
			"__comment": "Box1",
			"from": [ 6.5, 1, 7.5 ],
			"to": [ 9.5, 3, 8.5 ],
			"faces": {
				"down": { "uv": [ 9.5, 15, 6.5, 16 ], "texture": "#texture" },
				"up": { "uv": [ 9.5, 3, 6.5, 2 ], "texture": "#texture" },
				"north": { "uv": [ 6.5, 2, 9.5, 0 ], "texture": "#texture" },
				"south": { "uv": [ 9.5, 2, 6.5, 0 ], "texture": "#texture" },
				"west": { "uv": [ 9.5, 2, 10.5, 0 ], "texture": "#texture" },
				"east": { "uv": [ 6.5, 2, 5.5, 0 ], "texture": "#texture" }
			}
		},
		{
			"__comment": "Box1",
			"from": [ 5.9, 3, 7.5 ],
			"to": [ 10.1, 7, 8.5 ],
			"faces": {
				"down": { "uv": [ 10.5, 1, 6.3, 2 ], "texture": "#texture" },
				"up": { "uv": [ 10.5, 7, 6.3, 6 ], "texture": "#texture" },
				"north": { "uv": [ 6.3, 6, 10.5, 2 ], "texture": "#texture" },
				"south": { "uv": [ 10.5, 6, 6.3, 2 ], "texture": "#texture" },
				"west": { "uv": [ 10.5, 6, 11.5, 2 ], "texture": "#texture" },
				"east": { "uv": [ 6.3, 6, 5.3, 2 ], "texture": "#texture" }
			}
		},
		{
			"__comment": "Box1",
			"from": [ 5.9, 3, 7.5 ],
			"to": [ 10.1, 7, 8.5 ],
			"rotation": { "origin": [ 8, 8, 7.5 ], "axis": "z", "angle": -45 },
			"faces": {
				"down": { "uv": [ 10.5, 1, 6.3, 2 ], "texture": "#texture" },
				"up": { "uv": [ 10.5, 7, 6.3, 6 ], "texture": "#texture" },
				"north": { "uv": [ 6.3, 6, 10.5, 2 ], "texture": "#texture" },
				"south": { "uv": [ 10.5, 6, 6.3, 2 ], "texture": "#texture" },
				"west": { "uv": [ 10.5, 6, 11.5, 2 ], "texture": "#texture" },
				"east": { "uv": [ 6.3, 6, 5.3, 2 ], "texture": "#texture" }
			}
		},
		{
			"__comment": "Box1",
			"from": [ 6.5, 1, 7.5 ],
			"to": [ 9.5, 3, 8.5 ],
			"rotation": { "origin": [ 8, 8, 7.5 ], "axis": "z", "angle": -45 },
			"faces": {
				"down": { "uv": [ 9.5, 15, 6.5, 16 ], "texture": "#texture" },
				"up": { "uv": [ 9.5, 3, 6.5, 2 ], "texture": "#texture" },
				"north": { "uv": [ 6.5, 2, 9.5, 0 ], "texture": "#texture" },
				"south": { "uv": [ 9.5, 2, 6.5, 0 ], "texture": "#texture" },
				"west": { "uv": [ 9.5, 2, 10.5, 0 ], "texture": "#texture" },
				"east": { "uv": [ 6.5, 2, 5.5, 0 ], "texture": "#texture" }
			}
		},
		{
			"__comment": "Box1",
			"from": [ 13, 6.5001, 7.5 ],
			"to": [ 15, 9.500099, 8.5 ],
			"faces": {
				"down": { "uv": [ 10.5, 0, 9.5, 2 ], "texture": "#texture", "rotation": 90 },
				"up": { "uv": [ 6.5, 2, 5.5, 0 ], "texture": "#texture", "rotation": 270 },
				"north": { "uv": [ 6.5, 2, 9.5, 0 ], "texture": "#texture", "rotation": 90 },
				"south": { "uv": [ 9.5, 2, 6.5, 0 ], "texture": "#texture", "rotation": 270 },
				"west": { "uv": [ 9.5, 3, 6.5, 2 ], "texture": "#texture", "rotation": 270 },
				"east": { "uv": [ 6.5, 16, 9.5, 15 ], "texture": "#texture", "rotation": 90 }
			}
		},
		{
			"__comment": "Box1",
			"from": [ 9, 5.9, 7.5 ],
			"to": [ 13, 10.1, 8.5 ],
			"faces": {
				"down": { "uv": [ 11, 2, 10, 6 ], "texture": "#texture", "rotation": 90 },
				"up": { "uv": [ 5.8, 6, 4.8, 2 ], "texture": "#texture", "rotation": 270 },
				"north": { "uv": [ 5.8, 6, 10, 2 ], "texture": "#texture", "rotation": 90 },
				"south": { "uv": [ 10, 6, 5.8, 2 ], "texture": "#texture", "rotation": 270 },
				"west": { "uv": [ 10, 7, 5.8, 6 ], "texture": "#texture", "rotation": 270 },
				"east": { "uv": [ 5.8, 2, 10, 1 ], "texture": "#texture", "rotation": 90 }
			}
		},
		{
			"__comment": "Box1",
			"from": [ 9, 5.9, 7.5 ],
			"to": [ 13, 10.1, 8.5 ],
			"rotation": { "origin": [ 8, 8, 7.5 ], "axis": "z", "angle": -45 },
			"faces": {
				"down": { "uv": [ 11.5, 2, 10.5, 6 ], "texture": "#texture", "rotation": 90 },
				"up": { "uv": [ 6.3, 6, 5.3, 2 ], "texture": "#texture", "rotation": 270 },
				"north": { "uv": [ 6.3, 6, 10.5, 2 ], "texture": "#texture", "rotation": 90 },
				"south": { "uv": [ 10.5, 6, 6.3, 2 ], "texture": "#texture", "rotation": 270 },
				"west": { "uv": [ 10.5, 7, 6.3, 6 ], "texture": "#texture", "rotation": 270 },
				"east": { "uv": [ 6.3, 2, 10.5, 1 ], "texture": "#texture", "rotation": 90 }
			}
		},
		{
			"__comment": "Box1",
			"from": [ 13, 6.5, 7.5 ],
			"to": [ 15, 9.5, 8.5 ],
			"rotation": { "origin": [ 8, 8, 7.5 ], "axis": "z", "angle": -45 },
			"faces": {
				"down": { "uv": [ 10.5, 0, 9.5, 2 ], "texture": "#texture", "rotation": 90 },
				"up": { "uv": [ 6.5, 2, 5.5, 0 ], "texture": "#texture", "rotation": 270 },
				"north": { "uv": [ 6.5, 2, 9.5, 0 ], "texture": "#texture", "rotation": 90 },
				"south": { "uv": [ 9.5, 2, 6.5, 0 ], "texture": "#texture", "rotation": 270 },
				"west": { "uv": [ 9.5, 3, 6.5, 2 ], "texture": "#texture", "rotation": 270 },
				"east": { "uv": [ 6.5, 16, 9.5, 15 ], "texture": "#texture", "rotation": 90 }
			}
		}
	],
	"display": {
		"thirdperson_righthand": {
			"rotation":  [ 0, -90, 55 ],
			"translation":  [ 0, 4, 0.5 ],
			"scale":  [ 0.85, 0.85, 0.85 ]
		},
		"thirdperson_lefthand": {
			"rotation":  [ 0, 90, -55 ],
			"translation":  [ 0, 4, 0.5 ],
			"scale":  [ 0.85, 0.85, 0.85 ]
		},
		"firstperson_righthand": {
			"rotation":  [ 0, -90, 25 ],
			"translation":  [ 1.13, 3.2, 1.13 ],
			"scale":  [ 0.68, 0.68, 0.68 ]
		},
		"firstperson_lefthand": {
			"rotation":  [ 0, 90, -25 ],
			"translation":  [ 1.13, 3.2, 1.13 ],
			"scale":  [ 0.68, 0.68, 0.68 ]
		},
		"gui": {
			"rotation":  [ 10, 0, 0 ],
			"scale":  [ 0.8, 0.8, 0.8 ]
		},
		"ground": {
			"translation":  [ 0, 2, 0 ],
			"scale":  [ 0.5, 0.5, 0.5 ]
		}
	}
}