{
	"__comment": "Designed by Blue_Beaker with Cubik Studio - https://cubik.studio",
	"textures": {
		"particle": "3dres/glass/signalum",
		"texture": "3dres/glass/signalum"
	},
	"elements": [ 	 
		{
			"__comment": "Box2",
			"from": [ 0, 0, 0 ],
			"to": [ 1, 16, 1 ],
			"faces": {
				"north": { "uv": [ 15, 0, 16, 16 ], "texture": "#texture", "cullface": "north" },
				"south": { "uv": [ 0, 0, 1, 16 ], "texture": "#texture" },
				"west": { "uv": [ 0, 0, 1, 16 ], "texture": "#texture", "cullface": "west" },
				"east": { "uv": [ 15, 0, 16, 16 ], "texture": "#texture" }
			}
		},
		{
			"__comment": "Box2",
			"from": [ 15, 0, 0 ],
			"to": [ 16, 16, 1 ],
			"faces": {
				"north": { "uv": [ 0, 0, 1, 16 ], "texture": "#texture", "cullface": "north" },
				"south": { "uv": [ 15, 0, 16, 16 ], "texture": "#texture" },
				"west": { "uv": [ 0, 0, 1, 16 ], "texture": "#texture" },
				"east": { "uv": [ 15, 0, 16, 16 ], "texture": "#texture", "cullface": "east" }
			}
		},
		{
			"__comment": "Box2",
			"from": [ 15, 0, 15 ],
			"to": [ 16, 16, 16 ],
			"faces": {
				"north": { "uv": [ 0, 0, 1, 16 ], "texture": "#texture" },
				"south": { "uv": [ 15, 0, 16, 16 ], "texture": "#texture", "cullface": "south" },
				"west": { "uv": [ 15, 0, 16, 16 ], "texture": "#texture" },
				"east": { "uv": [ 0, 0, 1, 16 ], "texture": "#texture", "cullface": "east" }
			}
		},
		{
			"__comment": "Box2",
			"from": [ 0, 0, 15 ],
			"to": [ 1, 16, 16 ],
			"faces": {
				"north": { "uv": [ 15, 0, 16, 16 ], "texture": "#texture" },
				"south": { "uv": [ 0, 0, 1, 16 ], "texture": "#texture", "cullface": "south" },
				"west": { "uv": [ 15, 0, 16, 16 ], "texture": "#texture", "cullface": "west" },
				"east": { "uv": [ 0, 0, 1, 16 ], "texture": "#texture" }
			}
		},
		{
			"__comment": "Box6",
			"from": [ 0, 0, 0 ],
			"to": [ 16, 1, 1 ],
			"faces": {
				"down": { "uv": [ 0, 15, 16, 16 ], "texture": "#texture", "cullface": "down" },
				"up": { "uv": [ 0, 0, 16, 1 ], "texture": "#texture" },
				"north": { "uv": [ 0, 15, 16, 16 ], "texture": "#texture", "cullface": "north" },
				"south": { "uv": [ 0, 15, 16, 16 ], "texture": "#texture" }
			}
		},
		{
			"__comment": "Box6",
			"from": [ 0, 15, 0 ],
			"to": [ 16, 16, 1 ],
			"faces": {
				"down": { "uv": [ 0, 15, 16, 16 ], "texture": "#texture" },
				"up": { "uv": [ 0, 0, 16, 1 ], "texture": "#texture", "cullface": "up" },
				"north": { "uv": [ 0, 0, 16, 1 ], "texture": "#texture", "cullface": "north" },
				"south": { "uv": [ 0, 0, 16, 1 ], "texture": "#texture" }
			}
		},
		{
			"__comment": "Box6",
			"from": [ 0, 15, 15 ],
			"to": [ 16, 16, 16 ],
			"faces": {
				"down": { "uv": [ 0, 0, 16, 1 ], "texture": "#texture" },
				"up": { "uv": [ 0, 15, 16, 16 ], "texture": "#texture", "cullface": "up" },
				"north": { "uv": [ 0, 0, 16, 1 ], "texture": "#texture" },
				"south": { "uv": [ 0, 0, 16, 1 ], "texture": "#texture", "cullface": "south" }
			}
		},
		{
			"__comment": "Box6",
			"from": [ 0, 0, 15 ],
			"to": [ 16, 1, 16 ],
			"faces": {
				"down": { "uv": [ 0, 0, 16, 1 ], "texture": "#texture", "cullface": "down" },
				"up": { "uv": [ 0, 15, 16, 16 ], "texture": "#texture" },
				"north": { "uv": [ 0, 15, 16, 16 ], "texture": "#texture" },
				"south": { "uv": [ 0, 15, 16, 16 ], "texture": "#texture", "cullface": "south" }
			}
		},
		{
			"__comment": "Box10",
			"from": [ 0, 0, 0 ],
			"to": [ 1, 1, 16 ],
			"faces": {
				"down": { "uv": [ 0, 0, 1, 16 ], "texture": "#texture", "cullface": "down" },
				"up": { "uv": [ 0, 0, 1, 16 ], "texture": "#texture" },
				"west": { "uv": [ 0, 15, 16, 16 ], "texture": "#texture", "cullface": "west" },
				"east": { "uv": [ 0, 15, 16, 16 ], "texture": "#texture" }
			}
		},
		{
			"__comment": "Box10",
			"from": [ 0, 15, 0 ],
			"to": [ 1, 16, 16 ],
			"faces": {
				"down": { "uv": [ 0, 0, 1, 16 ], "texture": "#texture" },
				"up": { "uv": [ 0, 0, 1, 16 ], "texture": "#texture", "cullface": "up" },
				"west": { "uv": [ 0, 0, 16, 1 ], "texture": "#texture", "cullface": "west" },
				"east": { "uv": [ 0, 0, 16, 1 ], "texture": "#texture" }
			}
		},
		{
			"__comment": "Box10",
			"from": [ 15, 15, 0 ],
			"to": [ 16, 16, 16 ],
			"faces": {
				"down": { "uv": [ 15, 0, 16, 16 ], "texture": "#texture" },
				"up": { "uv": [ 15, 0, 16, 16 ], "texture": "#texture", "cullface": "up" },
				"west": { "uv": [ 0, 0, 16, 1 ], "texture": "#texture" },
				"east": { "uv": [ 0, 0, 16, 1 ], "texture": "#texture", "cullface": "east" }
			}
		},
		{
			"__comment": "Box10",
			"from": [ 15, 0, 0 ],
			"to": [ 16, 1, 16 ],
			"faces": {
				"down": { "uv": [ 15, 0, 16, 16 ], "texture": "#texture", "cullface": "down" },
				"up": { "uv": [ 15, 0, 16, 16 ], "texture": "#texture" },
				"west": { "uv": [ 0, 15, 16, 16 ], "texture": "#texture" },
				"east": { "uv": [ 0, 15, 16, 16 ], "texture": "#texture", "cullface": "east" }
			}
		},
		{
			"__comment": "PlaneY14",
			"from": [ 0, 1, 0 ],
			"to": [ 16, 1.001, 16 ],
			"faces": {
				"down": { "uv": [ 0, 0, 16, 16 ], "texture": "#texture", "cullface": "down" }
			}
		},
		{
			"__comment": "PlaneY14",
			"from": [ 0, 15, 0 ],
			"to": [ 16, 15.001, 16 ],
			"faces": {
				"up": { "uv": [ 0, 0, 16, 16 ], "texture": "#texture", "cullface": "up" }
			}
		},
		{
			"__comment": "PlaneX16",
			"from": [ 1, 0, 0 ],
			"to": [ 1.001, 16, 16 ],
			"faces": {
				"west": { "uv": [ 0, 0, 16, 16 ], "texture": "#texture", "cullface": "west" }
			}
		},
		{
			"__comment": "PlaneX16",
			"from": [ 15, 0, 0 ],
			"to": [ 15.001, 16, 16 ],
			"faces": {
				"east": { "uv": [ 0, 0, 16, 16 ], "texture": "#texture", "cullface": "east" }
			}
		},
		{
			"__comment": "PlaneZ18",
			"from": [ 0, 0, 1 ],
			"to": [ 16, 16, 1.001 ],
			"faces": {
				"north": { "uv": [ 0, 0, 16, 16 ], "texture": "#texture", "cullface": "north" }
			}
		},
		{
			"__comment": "PlaneZ18",
			"from": [ 0, 0, 15 ],
			"to": [ 16, 16, 15.001 ],
			"faces": {
				"south": { "uv": [ 0, 0, 16, 16 ], "texture": "#texture", "cullface": "south" }
			}
		}
	],
	"display": {
		"firstperson_righthand": {
			"rotation":  [ 0, 45, 0 ],
			"scale":  [ 0.4, 0.4, 0.4 ]
		},
		"firstperson_lefthand": {
			"rotation":  [ 0, 45, 0 ],
			"scale":  [ 0.4, 0.4, 0.4 ]
		},
		"gui": {
			"rotation":  [ 30, 225, 0 ],
			"scale":  [ 0.625, 0.625, 0.625 ]
		},
		"ground": {
			"translation":  [ 0, 3, 0 ],
			"scale":  [ 0.25, 0.25, 0.25 ]
		},
		"fixed": {
			"scale":  [ 0.5, 0.5, 0.5 ]
		}
	}
}