{
	"__comment": "Designed by Blue_Beaker with Cubik Studio - https://cubik.studio",
	"textures": {
		"texture": "thermalfoundation:3dres/saw_blade"
	},
	"elements": [ 	 
		{
			"__comment": "Box12",
			"from": [ 3, 7.5, 3 ],
			"to": [ 13, 8.5, 13 ],
			"faces": {
				"down": { "uv": [ 0, 10, 10, 0 ], "texture": "#texture" },
				"up": { "uv": [ 0, 0, 10, 10 ], "texture": "#texture" },
				"north": { "uv": [ 10, 1, 0, 0 ], "texture": "#texture" },
				"south": { "uv": [ 0, 9, 10, 10 ], "texture": "#texture" },
				"west": { "uv": [ 0, 0, 1, 10 ], "texture": "#texture", "rotation": 270 },
				"east": { "uv": [ 10, 0, 9, 10 ], "texture": "#texture", "rotation": 90 }
			}
		},
		{
			"__comment": "Box12",
			"from": [ 3, 7.5, 3 ],
			"to": [ 13, 8.5, 13 ],
			"rotation": { "origin": [ 8, 7.5, 8 ], "axis": "y", "angle": 45 },
			"faces": {
				"down": { "uv": [ 0, 10, 10, 0 ], "texture": "#texture", "rotation": 270 },
				"up": { "uv": [ 0, 0, 10, 10 ], "texture": "#texture", "rotation": 90 },
				"north": { "uv": [ 0, 0, 1, 10 ], "texture": "#texture", "rotation": 270 },
				"south": { "uv": [ 10, 0, 9, 10 ], "texture": "#texture", "rotation": 90 },
				"west": { "uv": [ 0, 9, 10, 10 ], "texture": "#texture" },
				"east": { "uv": [ 10, 1, 0, 0 ], "texture": "#texture" }
			}
		},
		{
			"__comment": "Box12",
			"from": [ 3, 7.5, 3 ],
			"to": [ 13, 8.5, 13 ],
			"rotation": { "origin": [ 8, 7.5, 8 ], "axis": "y", "angle": 22.5 },
			"faces": {
				"down": { "uv": [ 0, 10, 10, 0 ], "texture": "#texture", "rotation": 270 },
				"up": { "uv": [ 0, 0, 10, 10 ], "texture": "#texture", "rotation": 90 },
				"north": { "uv": [ 0, 0, 1, 10 ], "texture": "#texture", "rotation": 270 },
				"south": { "uv": [ 10, 0, 9, 10 ], "texture": "#texture", "rotation": 90 },
				"west": { "uv": [ 0, 9, 10, 10 ], "texture": "#texture" },
				"east": { "uv": [ 10, 1, 0, 0 ], "texture": "#texture" }
			}
		},
		{
			"__comment": "Box12",
			"from": [ 3, 7.5, 3 ],
			"to": [ 13, 8.5, 13 ],
			"rotation": { "origin": [ 8, 7.5, 8 ], "axis": "y", "angle": -22.5 },
			"faces": {
				"down": { "uv": [ 0, 10, 10, 0 ], "texture": "#texture" },
				"up": { "uv": [ 0, 0, 10, 10 ], "texture": "#texture" },
				"north": { "uv": [ 10, 1, 0, 0 ], "texture": "#texture" },
				"south": { "uv": [ 0, 9, 10, 10 ], "texture": "#texture" },
				"west": { "uv": [ 0, 0, 1, 10 ], "texture": "#texture", "rotation": 270 },
				"east": { "uv": [ 10, 0, 9, 10 ], "texture": "#texture", "rotation": 90 }
			}
		},
		{
			"__comment": "Box16",
			"from": [ 7.5, 4.5, 7.5 ],
			"to": [ 8.5, 11.5, 8.5 ],
			"faces": {
				"down": { "uv": [ 14, 13, 16, 14 ], "texture": "#texture", "rotation": 270 },
				"up": { "uv": [ 14, 1, 16, 0 ], "texture": "#texture", "rotation": 90 },
				"north": { "uv": [ 14, 0, 16, 14 ], "texture": "#texture" },
				"south": { "uv": [ 14, 0, 16, 14 ], "texture": "#texture" },
				"west": { "uv": [ 14, 0, 16, 14 ], "texture": "#texture" },
				"east": { "uv": [ 16, 0, 14, 14 ], "texture": "#texture" }
			}
		}
	],
	"display": {
		"thirdperson_righthand": {
			"rotation":  [ 75, 45, 0 ],
			"translation":  [ 0, 2.5, 0 ],
			"scale":  [ 0.375, 0.375, 0.375 ]
		},
		"thirdperson_lefthand": {
			"rotation":  [ 75, 45, 0 ],
			"translation":  [ 0, 2.5, 0 ],
			"scale":  [ 0.375, 0.375, 0.375 ]
		},
		"firstperson_righthand": {
			"rotation":  [ 0, 45, 0 ],
			"scale":  [ 0.4, 0.4, 0.4 ]
		},
		"firstperson_lefthand": {
			"rotation":  [ 0, 45, 0 ],
			"scale":  [ 0.4, 0.4, 0.4 ]
		},
		"gui": {
			"rotation":  [ 100, 0, 0 ],
			"scale":  [ 0.8, 0.8, 0.8 ]
		},
		"ground": {
			"scale":  [ 0.5, 0.5, 0.5 ]
		},
		"fixed": {
			"rotation":  [ 90, 0, 0 ]
		}
	}
}