{
	"__comment": "Designed by Blue_Beaker with Cubik Studio - https://cubik.studio",
	"textures": {
		"texture": "thermalfoundation:3dres/tool_casing"
	},
	"elements": [ 	 
		{
			"__comment": "Box1",
			"from": [ 3, 0, 2 ],
			"to": [ 13, 1, 14 ],
			"faces": {
				"down": { "uv": [ 0, 6, 5, 0 ], "texture": "#texture" },
				"up": { "uv": [ 0, 0, 5, 6 ], "texture": "#texture" },
				"north": { "uv": [ 5, 0.5, 0, 0 ], "texture": "#texture" },
				"south": { "uv": [ 0, 5.5, 5, 6 ], "texture": "#texture" },
				"west": { "uv": [ 0, 0, 0.5, 6 ], "texture": "#texture", "rotation": 270 },
				"east": { "uv": [ 5, 0, 4.5, 6 ], "texture": "#texture", "rotation": 90 }
			}
		},
		{
			"__comment": "Box1",
			"from": [ 3, 1, 2 ],
			"to": [ 4, 5, 14 ],
			"faces": {
				"up": { "uv": [ 5, 6.5, 11, 6 ], "texture": "#texture", "rotation": 90 },
				"north": { "uv": [ 5, 6, 5.5, 8 ], "texture": "#texture" },
				"south": { "uv": [ 11, 6, 10.5, 8 ], "texture": "#texture" },
				"west": { "uv": [ 5, 6, 11, 8 ], "texture": "#texture" },
				"east": { "uv": [ 11, 6, 5, 8 ], "texture": "#texture" }
			}
		},
		{
			"__comment": "Box1",
			"from": [ 12, 1, 2 ],
			"to": [ 13, 5, 14 ],
			"faces": {
				"up": { "uv": [ 5, 6.5, 11, 6 ], "texture": "#texture", "rotation": 90 },
				"north": { "uv": [ 5, 6, 5.5, 8 ], "texture": "#texture" },
				"south": { "uv": [ 11, 6, 10.5, 8 ], "texture": "#texture" },
				"west": { "uv": [ 5, 6, 11, 8 ], "texture": "#texture" },
				"east": { "uv": [ 11, 6, 5, 8 ], "texture": "#texture" }
			}
		},
		{
			"__comment": "Box1",
			"from": [ 4, 1, 2 ],
			"to": [ 12, 5, 3 ],
			"faces": {
				"up": { "uv": [ 0.5, 6.5, 4.5, 6 ], "texture": "#texture" },
				"north": { "uv": [ 4.5, 6, 0.5, 8 ], "texture": "#texture" },
				"south": { "uv": [ 0.5, 6, 4.5, 8 ], "texture": "#texture" }
			}
		},
		{
			"__comment": "Box1",
			"from": [ 4, 1, 13 ],
			"to": [ 12, 5, 14 ],
			"faces": {
				"up": { "uv": [ 0.5, 6.5, 4.5, 6 ], "texture": "#texture" },
				"north": { "uv": [ 4.5, 6, 0.5, 8 ], "texture": "#texture" },
				"south": { "uv": [ 0.5, 6, 4.5, 8 ], "texture": "#texture" }
			}
		},
		{
			"__comment": "Box6",
			"from": [ 4, 1, 3 ],
			"to": [ 12, 1.5, 13 ],
			"faces": {
				"up": { "uv": [ 5.5, 0.5, 9.5, 5.5 ], "texture": "#texture" }
			}
		},
		{
			"__comment": "Box7",
			"from": [ 5, 1, 6 ],
			"to": [ 6, 6, 7 ],
			"faces": {
				"up": { "uv": [ 10, 0.5, 10.5, 1 ], "texture": "#texture" },
				"north": { "uv": [ 10.5, 1, 10, 0.5 ], "texture": "#texture" },
				"south": { "uv": [ 10, 0.5, 10.5, 1 ], "texture": "#texture" },
				"west": { "uv": [ 10, 0.5, 10.5, 1 ], "texture": "#texture", "rotation": 270 },
				"east": { "uv": [ 10.5, 0.5, 10, 1 ], "texture": "#texture", "rotation": 90 }
			}
		},
		{
			"__comment": "Box7",
			"from": [ 2, 5, 6 ],
			"to": [ 5, 6, 7 ],
			"faces": {
				"down": { "uv": [ 10, 1, 10.5, 0.5 ], "texture": "#texture" },
				"up": { "uv": [ 10, 0.5, 10.5, 1 ], "texture": "#texture" },
				"north": { "uv": [ 10.5, 1, 10, 0.5 ], "texture": "#texture" },
				"south": { "uv": [ 10, 0.5, 10.5, 1 ], "texture": "#texture" },
				"west": { "uv": [ 10, 0.5, 10.5, 1 ], "texture": "#texture", "rotation": 270 }
			}
		},
		{
			"__comment": "Box7",
			"from": [ 2, 5, 10 ],
			"to": [ 5, 6, 11 ],
			"faces": {
				"down": { "uv": [ 10, 1, 10.5, 0.5 ], "texture": "#texture" },
				"up": { "uv": [ 10, 0.5, 10.5, 1 ], "texture": "#texture" },
				"north": { "uv": [ 10.5, 1, 10, 0.5 ], "texture": "#texture" },
				"south": { "uv": [ 10, 0.5, 10.5, 1 ], "texture": "#texture" },
				"west": { "uv": [ 10, 0.5, 10.5, 1 ], "texture": "#texture", "rotation": 270 }
			}
		},
		{
			"__comment": "Box7",
			"from": [ 5, 1, 10 ],
			"to": [ 6, 6, 11 ],
			"faces": {
				"up": { "uv": [ 10, 0.5, 10.5, 1 ], "texture": "#texture" },
				"north": { "uv": [ 10.5, 1, 10, 0.5 ], "texture": "#texture" },
				"south": { "uv": [ 10, 0.5, 10.5, 1 ], "texture": "#texture" },
				"west": { "uv": [ 10, 0.5, 10.5, 1 ], "texture": "#texture", "rotation": 270 },
				"east": { "uv": [ 10.5, 0.5, 10, 1 ], "texture": "#texture", "rotation": 90 }
			}
		},
		{
			"__comment": "Box11",
			"from": [ 6, 1, 0 ],
			"to": [ 10, 5, 2 ],
			"faces": {
				"down": { "uv": [ 10, 1, 10.5, 0.5 ], "texture": "#texture" },
				"up": { "uv": [ 10, 0.5, 10.5, 1 ], "texture": "#texture" },
				"north": { "uv": [ 12.5, 2.5, 10.5, 0.5 ], "texture": "#texture" },
				"west": { "uv": [ 10, 0.5, 10.5, 1 ], "texture": "#texture", "rotation": 270 },
				"east": { "uv": [ 10.5, 0.5, 10, 1 ], "texture": "#texture", "rotation": 90 }
			}
		}
	],
	"display": {
		"thirdperson_righthand": {
			"rotation":  [ 75, 45, 0 ],
			"translation":  [ 0, 2.5, 0 ],
			"scale":  [ 0.375, 0.375, 0.375 ]
		},
		"thirdperson_lefthand": {
			"rotation":  [ 75, 45, 0 ],
			"translation":  [ 0, 2.5, 0 ],
			"scale":  [ 0.375, 0.375, 0.375 ]
		},
		"firstperson_righthand": {
			"rotation":  [ 0, 45, 0 ],
			"translation":  [ 0, 3, 0 ],
			"scale":  [ 0.4, 0.4, 0.4 ]
		},
		"firstperson_lefthand": {
			"rotation":  [ 0, 45, 0 ],
			"translation":  [ 0, 3, 0 ],
			"scale":  [ 0.4, 0.4, 0.4 ]
		},
		"gui": {
			"rotation":  [ 30, 45, 0 ],
			"translation":  [ 0, 3, 0 ],
			"scale":  [ 0.8, 0.8, 0.8 ]
		},
		"ground": {
			"translation":  [ 0, 2, 0 ],
			"scale":  [ 0.5, 0.5, 0.5 ]
		},
		"fixed": {
			"rotation":  [ -90, 0, 0 ],
			"translation":  [ 0, 0, -3 ],
			"scale":  [ 0.5, 0.5, 0.5 ]
		}
	}
}