{
	"__comment": "Designed by Blue_Beaker with Cubik Studio - https://cubik.studio",
	"textures": {
		"texture": "thermalfoundation:3dres/utils/wrench"
	},
	"elements": [ 	 
		{
			"__comment": "Box1",
			"from": [ 7, 1, 7.5 ],
			"to": [ 9, 12, 8.5 ],
			"faces": {
				"down": { "uv": [ 0, 15, 4, 16 ], "texture": "#texture", "rotation": 180 },
				"up": { "uv": [ 0, 1, 4, 0 ], "texture": "#texture", "rotation": 180 },
				"north": { "uv": [ 0, 0, 4, 16 ], "texture": "#texture" },
				"south": { "uv": [ 4, 0, 0, 16 ], "texture": "#texture" },
				"west": { "uv": [ 4, 0, 3, 16 ], "texture": "#texture" },
				"east": { "uv": [ 0, 0, 1, 16 ], "texture": "#texture" }
			}
		},
		{
			"__comment": "Box5",
			"from": [ 6, 13, 7.5 ],
			"to": [ 7, 15, 8.5 ],
			"faces": {
				"up": { "uv": [ 6, 1, 4, 0 ], "texture": "#texture" },
				"north": { "uv": [ 4, 0, 6, 8 ], "texture": "#texture" },
				"south": { "uv": [ 6, 0, 4, 8 ], "texture": "#texture" },
				"west": { "uv": [ 5, 0, 6, 8 ], "texture": "#texture" },
				"east": { "uv": [ 5, 0, 4, 8 ], "texture": "#texture" }
			}
		},
		{
			"__comment": "Box5",
			"from": [ 9, 13, 7.5 ],
			"to": [ 10, 15, 8.5 ],
			"faces": {
				"up": { "uv": [ 6, 7, 4, 8 ], "texture": "#texture", "rotation": 180 },
				"north": { "uv": [ 6, 8, 4, 0 ], "texture": "#texture" },
				"south": { "uv": [ 4, 8, 6, 0 ], "texture": "#texture" },
				"west": { "uv": [ 5, 0, 4, 8 ], "texture": "#texture", "rotation": 180 },
				"east": { "uv": [ 5, 0, 6, 8 ], "texture": "#texture", "rotation": 180 }
			}
		},
		{
			"__comment": "Box5",
			"from": [ 6, 12, 7.5 ],
			"to": [ 10, 13, 8.5 ],
			"faces": {
				"down": { "uv": [ 6, 16, 5, 8 ], "texture": "#texture", "rotation": 90 },
				"up": { "uv": [ 5, 8, 4, 16 ], "texture": "#texture", "rotation": 270 },
				"north": { "uv": [ 4, 8, 6, 16 ], "texture": "#texture", "rotation": 90 },
				"south": { "uv": [ 6, 8, 4, 16 ], "texture": "#texture", "rotation": 270 },
				"west": { "uv": [ 6, 9, 4, 8 ], "texture": "#texture", "rotation": 270 },
				"east": { "uv": [ 4, 16, 6, 15 ], "texture": "#texture", "rotation": 90 }
			}
		}
	],
	"display": {
		"thirdperson_righthand": {
			"rotation":  [ -5, 90, 0 ],
			"translation":  [ 0, 2, 1 ],
			"scale":  [ 0.5, 0.5, 0.5 ]
		},
		"thirdperson_lefthand": {
			"rotation":  [ -5, 90, 0 ],
			"translation":  [ 0, 2, 1 ],
			"scale":  [ 0.5, 0.5, 0.5 ]
		},
		"firstperson_righthand": {
			"rotation":  [ 15, 90, 0 ],
			"translation":  [ 0, 3, 0 ],
			"scale":  [ 0.5, 0.5, 0.5 ]
		},
		"firstperson_lefthand": {
			"rotation":  [ 15, 90, 0 ],
			"translation":  [ 0, 3, 0 ],
			"scale":  [ 0.5, 0.5, 0.5 ]
		},
		"gui": {
			"rotation":  [ 10, 0, -45 ],
			"scale":  [ 0.8, 0.8, 0.8 ]
		},
		"head": {
			"rotation":  [ 0, 0, -45 ],
			"translation":  [ 0, 0, 7.8 ]
		},
		"ground": {
			"rotation":  [ 90, 0, 0 ],
			"scale":  [ 0.5, 0.5, 0.5 ]
		},
		"fixed": {
			"rotation":  [ 0, 0, 45 ],
			"scale":  [ 0.5, 0.5, 0.5 ]
		}
	}
}