{
	"credit": "Made with Blockbench",
	"textures": {
		"texture": "thermalfoundation:3dres/upgrades/creative"
	},
	"elements": [
		{
			"name": "Box1",
			"from": [0, 0, 0],
			"to": [2, 16, 2],
			"faces": {
				"north": {"uv": [14, 0, 16, 16], "texture": "#texture"},
				"east": {"uv": [14, 0, 16, 16], "texture": "#texture"},
				"south": {"uv": [0, 0, 2, 16], "texture": "#texture"},
				"west": {"uv": [0, 0, 2, 16], "texture": "#texture"}
			}
		},
		{
			"name": "Box1",
			"from": [14, 0, 0],
			"to": [16, 16, 2],
			"faces": {
				"north": {"uv": [0, 0, 2, 16], "texture": "#texture"},
				"east": {"uv": [14, 0, 16, 16], "texture": "#texture"},
				"south": {"uv": [14, 0, 16, 16], "texture": "#texture"},
				"west": {"uv": [0, 0, 2, 16], "texture": "#texture"}
			}
		},
		{
			"name": "Box1",
			"from": [0, 0, 14],
			"to": [2, 16, 16],
			"faces": {
				"north": {"uv": [14, 0, 16, 16], "texture": "#texture"},
				"east": {"uv": [0, 0, 2, 16], "texture": "#texture"},
				"south": {"uv": [0, 0, 2, 16], "texture": "#texture"},
				"west": {"uv": [14, 0, 16, 16], "texture": "#texture"}
			}
		},
		{
			"name": "Box1",
			"from": [14, 0, 14],
			"to": [16, 16, 16],
			"faces": {
				"north": {"uv": [0, 0, 2, 16], "texture": "#texture"},
				"east": {"uv": [0, 0, 2, 16], "texture": "#texture"},
				"south": {"uv": [14, 0, 16, 16], "texture": "#texture"},
				"west": {"uv": [14, 0, 16, 16], "texture": "#texture"}
			}
		},
		{
			"name": "Box1",
			"from": [0, 0, 14],
			"to": [16, 2, 16],
			"faces": {
				"north": {"uv": [0, 14, 16, 16], "texture": "#texture"},
				"south": {"uv": [0, 14, 16, 16], "texture": "#texture"},
				"up": {"uv": [0, 14, 16, 16], "texture": "#texture"},
				"down": {"uv": [0, 0, 16, 2], "texture": "#texture"}
			}
		},
		{
			"name": "Box1",
			"from": [0, 14, 14],
			"to": [16, 16, 16],
			"faces": {
				"north": {"uv": [0, 0, 16, 2], "texture": "#texture"},
				"south": {"uv": [0, 0, 16, 2], "texture": "#texture"},
				"up": {"uv": [0, 14, 16, 16], "texture": "#texture"},
				"down": {"uv": [0, 0, 16, 2], "texture": "#texture"}
			}
		},
		{
			"name": "Box1",
			"from": [0, 14, 0],
			"to": [16, 16, 2],
			"faces": {
				"north": {"uv": [0, 0, 16, 2], "texture": "#texture"},
				"south": {"uv": [0, 0, 16, 2], "texture": "#texture"},
				"up": {"uv": [0, 0, 16, 2], "texture": "#texture"},
				"down": {"uv": [0, 14, 16, 16], "texture": "#texture"}
			}
		},
		{
			"name": "Box1",
			"from": [0, 0, 0],
			"to": [16, 2, 2],
			"faces": {
				"north": {"uv": [0, 14, 16, 16], "texture": "#texture"},
				"south": {"uv": [0, 14, 16, 16], "texture": "#texture"},
				"up": {"uv": [0, 0, 16, 2], "texture": "#texture"},
				"down": {"uv": [0, 14, 16, 16], "texture": "#texture"}
			}
		},
		{
			"name": "Box1",
			"from": [0, 14, 0],
			"to": [2, 16, 16],
			"faces": {
				"east": {"uv": [0, 0, 16, 2], "texture": "#texture"},
				"west": {"uv": [0, 0, 16, 2], "texture": "#texture"},
				"up": {"uv": [0, 0, 2, 16], "texture": "#texture"},
				"down": {"uv": [0, 0, 2, 16], "texture": "#texture"}
			}
		},
		{
			"name": "Box1",
			"from": [14, 14, 0],
			"to": [16, 16, 16],
			"faces": {
				"east": {"uv": [0, 0, 16, 2], "texture": "#texture"},
				"west": {"uv": [0, 0, 16, 2], "texture": "#texture"},
				"up": {"uv": [14, 0, 16, 16], "texture": "#texture"},
				"down": {"uv": [14, 0, 16, 16], "texture": "#texture"}
			}
		},
		{
			"name": "Box1",
			"from": [14, 0, 0],
			"to": [16, 2, 16],
			"faces": {
				"east": {"uv": [0, 14, 16, 16], "texture": "#texture"},
				"west": {"uv": [0, 14, 16, 16], "texture": "#texture"},
				"up": {"uv": [14, 0, 16, 16], "texture": "#texture"},
				"down": {"uv": [14, 0, 16, 16], "texture": "#texture"}
			}
		},
		{
			"name": "Box1",
			"from": [0, 0, 0],
			"to": [2, 2, 16],
			"faces": {
				"east": {"uv": [0, 14, 16, 16], "texture": "#texture"},
				"west": {"uv": [0, 14, 16, 16], "texture": "#texture"},
				"up": {"uv": [0, 0, 2, 16], "texture": "#texture"},
				"down": {"uv": [0, 0, 2, 16], "texture": "#texture"}
			}
		},
		{
			"name": "Box13",
			"from": [6, 4, 7.5],
			"to": [10, 7, 8.5],
			"faces": {
				"north": {"uv": [6, 10, 2, 13], "texture": "#texture"},
				"east": {"uv": [6, 10, 5, 13], "texture": "#texture"},
				"south": {"uv": [2, 10, 6, 13], "texture": "#texture"},
				"west": {"uv": [2, 10, 3, 13], "texture": "#texture"},
				"down": {"uv": [2, 12, 6, 13], "texture": "#texture"}
			}
		},
		{
			"name": "Box13",
			"from": [5, 7, 7.5],
			"to": [11, 8, 8.5],
			"faces": {
				"north": {"uv": [8, 9, 2, 10], "texture": "#texture"},
				"east": {"uv": [8, 9, 7, 10], "texture": "#texture"},
				"south": {"uv": [2, 9, 8, 10], "texture": "#texture"},
				"west": {"uv": [2, 9, 3, 10], "texture": "#texture"},
				"down": {"uv": [2, 9, 8, 10], "texture": "#texture"}
			}
		},
		{
			"name": "Box13",
			"from": [5, 8, 7.5],
			"to": [9.242, 12.242, 8.5],
			"rotation": {"angle": -45, "axis": "z", "origin": [5, 8, 7.5]},
			"faces": {
				"north": {"uv": [8, 3, 2, 9], "texture": "#texture"},
				"south": {"uv": [2, 3, 8, 9], "texture": "#texture"},
				"west": {"uv": [2, 3, 3, 9], "texture": "#texture"},
				"up": {"uv": [2, 4, 8, 3], "texture": "#texture"}
			}
		},
		{
			"name": "Box13",
			"from": [5, 10, 7.5],
			"to": [11, 11, 8.5],
			"faces": {
				"north": {"uv": [8, 2, 2, 3], "texture": "#texture"},
				"east": {"uv": [8, 2, 7, 3], "texture": "#texture"},
				"south": {"uv": [2, 2, 8, 3], "texture": "#texture"},
				"west": {"uv": [2, 2, 3, 3], "texture": "#texture"},
				"up": {"uv": [2, 3, 8, 2], "texture": "#texture"},
				"down": {"uv": [2, 2, 8, 3], "texture": "#texture"}
			}
		}
	],
	"display": {
		"thirdperson_righthand": {
			"rotation": [-5, 0, 0],
			"translation": [0, 2, 1],
			"scale": [0.5, 0.5, 0.5]
		},
		"thirdperson_lefthand": {
			"rotation": [-5, 0, 0],
			"translation": [0, 2, 1],
			"scale": [0.5, 0.5, 0.5]
		},
		"firstperson_righthand": {
			"translation": [0, 3, 0],
			"scale": [0.5, 0.5, 0.5]
		},
		"firstperson_lefthand": {
			"translation": [0, 3, 0],
			"scale": [0.5, 0.5, 0.5]
		},
		"ground": {
			"translation": [0, 3, 0],
			"scale": [0.25, 0.25, 0.25]
		},
		"gui": {
			"rotation": [10, 0, 0],
			"scale": [0.8, 0.8, 0.8]
		}
	}
}