{
	"__comment": "Designed by Blue_Beaker with Cubik Studio - https://cubik.studio",
	"textures": {
		"texture": "thermalfoundation:3dres/upgrades/full_1"
	},
	"elements": [ 	 
		{
			"__comment": "Box1",
			"from": [ 0, 0, 0 ],
			"to": [ 1, 16, 1 ],
			"faces": {
				"north": { "uv": [ 1, 0, 0, 1 ], "texture": "#texture" },
				"south": { "uv": [ 0, 0, 1, 1 ], "texture": "#texture" },
				"west": { "uv": [ 0, 0, 1, 1 ], "texture": "#texture" },
				"east": { "uv": [ 1, 0, 0, 1 ], "texture": "#texture" }
			}
		},
		{
			"__comment": "Box1",
			"from": [ 15, 0, 0 ],
			"to": [ 16, 16, 1 ],
			"faces": {
				"north": { "uv": [ 1, 0, 0, 1 ], "texture": "#texture" },
				"south": { "uv": [ 0, 0, 1, 1 ], "texture": "#texture" },
				"west": { "uv": [ 0, 0, 1, 1 ], "texture": "#texture" },
				"east": { "uv": [ 1, 0, 0, 1 ], "texture": "#texture" }
			}
		},
		{
			"__comment": "Box1",
			"from": [ 0, 0, 15 ],
			"to": [ 1, 16, 16 ],
			"faces": {
				"north": { "uv": [ 1, 0, 0, 1 ], "texture": "#texture" },
				"south": { "uv": [ 0, 0, 1, 1 ], "texture": "#texture" },
				"west": { "uv": [ 0, 0, 1, 1 ], "texture": "#texture" },
				"east": { "uv": [ 1, 0, 0, 1 ], "texture": "#texture" }
			}
		},
		{
			"__comment": "Box1",
			"from": [ 15, 0, 15 ],
			"to": [ 16, 16, 16 ],
			"faces": {
				"north": { "uv": [ 1, 0, 0, 1 ], "texture": "#texture" },
				"south": { "uv": [ 0, 0, 1, 1 ], "texture": "#texture" },
				"west": { "uv": [ 0, 0, 1, 1 ], "texture": "#texture" },
				"east": { "uv": [ 1, 0, 0, 1 ], "texture": "#texture" }
			}
		},
		{
			"__comment": "Box1",
			"from": [ 0, 0, 15 ],
			"to": [ 16, 1, 16 ],
			"faces": {
				"down": { "uv": [ 0, 0, 1, 1 ], "texture": "#texture" },
				"up": { "uv": [ 0, 1, 1, 0 ], "texture": "#texture" },
				"north": { "uv": [ 1, 0, 0, 1 ], "texture": "#texture" },
				"south": { "uv": [ 0, 0, 1, 1 ], "texture": "#texture" }
			}
		},
		{
			"__comment": "Box1",
			"from": [ 0, 15, 15 ],
			"to": [ 16, 16, 16 ],
			"faces": {
				"down": { "uv": [ 0, 0, 1, 1 ], "texture": "#texture" },
				"up": { "uv": [ 0, 1, 1, 0 ], "texture": "#texture" },
				"north": { "uv": [ 1, 0, 0, 1 ], "texture": "#texture" },
				"south": { "uv": [ 0, 0, 1, 1 ], "texture": "#texture" }
			}
		},
		{
			"__comment": "Box1",
			"from": [ 0, 15, 0 ],
			"to": [ 16, 16, 1 ],
			"faces": {
				"down": { "uv": [ 0, 0, 1, 1 ], "texture": "#texture" },
				"up": { "uv": [ 0, 1, 1, 0 ], "texture": "#texture" },
				"north": { "uv": [ 1, 0, 0, 1 ], "texture": "#texture" },
				"south": { "uv": [ 0, 0, 1, 1 ], "texture": "#texture" }
			}
		},
		{
			"__comment": "Box1",
			"from": [ 0, 0, 0 ],
			"to": [ 16, 1, 1 ],
			"faces": {
				"down": { "uv": [ 0, 0, 1, 1 ], "texture": "#texture" },
				"up": { "uv": [ 0, 1, 1, 0 ], "texture": "#texture" },
				"north": { "uv": [ 1, 0, 0, 1 ], "texture": "#texture" },
				"south": { "uv": [ 0, 0, 1, 1 ], "texture": "#texture" }
			}
		},
		{
			"__comment": "Box1",
			"from": [ 0, 15, 0 ],
			"to": [ 1, 16, 16 ],
			"faces": {
				"down": { "uv": [ 0, 0, 1, 1 ], "texture": "#texture" },
				"up": { "uv": [ 0, 1, 1, 0 ], "texture": "#texture" },
				"west": { "uv": [ 0, 0, 1, 1 ], "texture": "#texture" },
				"east": { "uv": [ 1, 0, 0, 1 ], "texture": "#texture" }
			}
		},
		{
			"__comment": "Box1",
			"from": [ 15, 15, 0 ],
			"to": [ 16, 16, 16 ],
			"faces": {
				"down": { "uv": [ 0, 0, 1, 1 ], "texture": "#texture" },
				"up": { "uv": [ 0, 1, 1, 0 ], "texture": "#texture" },
				"west": { "uv": [ 0, 0, 1, 1 ], "texture": "#texture" },
				"east": { "uv": [ 1, 0, 0, 1 ], "texture": "#texture" }
			}
		},
		{
			"__comment": "Box1",
			"from": [ 15, 0, 0 ],
			"to": [ 16, 1, 16 ],
			"faces": {
				"down": { "uv": [ 0, 0, 1, 1 ], "texture": "#texture" },
				"up": { "uv": [ 0, 1, 1, 0 ], "texture": "#texture" },
				"west": { "uv": [ 0, 0, 1, 1 ], "texture": "#texture" },
				"east": { "uv": [ 1, 0, 0, 1 ], "texture": "#texture" }
			}
		},
		{
			"__comment": "Box1",
			"from": [ 0, 0, 0 ],
			"to": [ 1, 1, 16 ],
			"faces": {
				"down": { "uv": [ 0, 0, 1, 1 ], "texture": "#texture" },
				"up": { "uv": [ 0, 1, 1, 0 ], "texture": "#texture" },
				"west": { "uv": [ 0, 0, 1, 1 ], "texture": "#texture" },
				"east": { "uv": [ 1, 0, 0, 1 ], "texture": "#texture" }
			}
		},
		{
			"__comment": "Box13",
			"from": [ 6, 4, 7.5 ],
			"to": [ 10, 7, 8.5 ],
			"faces": {
				"down": { "uv": [ 8, 10, 12, 11 ], "texture": "#texture" },
				"north": { "uv": [ 12, 8, 8, 11 ], "texture": "#texture" },
				"south": { "uv": [ 8, 8, 12, 11 ], "texture": "#texture" },
				"west": { "uv": [ 8, 8, 9, 11 ], "texture": "#texture" },
				"east": { "uv": [ 12, 8, 11, 11 ], "texture": "#texture" }
			}
		},
		{
			"__comment": "Box13",
			"from": [ 5, 7, 7.5 ],
			"to": [ 11, 8, 8.5 ],
			"faces": {
				"down": { "uv": [ 8, 7, 14, 8 ], "texture": "#texture" },
				"north": { "uv": [ 14, 7, 8, 8 ], "texture": "#texture" },
				"south": { "uv": [ 8, 7, 14, 8 ], "texture": "#texture" },
				"west": { "uv": [ 8, 7, 9, 8 ], "texture": "#texture" },
				"east": { "uv": [ 14, 7, 13, 8 ], "texture": "#texture" }
			}
		},
		{
			"__comment": "Box13",
			"from": [ 5, 8, 7.5 ],
			"to": [ 9.242001, 12.242, 8.5 ],
			"rotation": { "origin": [ 5, 8, 7.5 ], "axis": "z", "angle": -45 },
			"faces": {
				"up": { "uv": [ 8, 2, 14, 1 ], "texture": "#texture" },
				"north": { "uv": [ 14, 1, 8, 7 ], "texture": "#texture" },
				"south": { "uv": [ 8, 1, 14, 7 ], "texture": "#texture" },
				"west": { "uv": [ 8, 1, 9, 7 ], "texture": "#texture" }
			}
		},
		{
			"__comment": "Box13",
			"from": [ 5, 10, 7.5 ],
			"to": [ 11, 11, 8.5 ],
			"faces": {
				"down": { "uv": [ 8, 0, 14, 1 ], "texture": "#texture" },
				"up": { "uv": [ 8, 1, 14, 0 ], "texture": "#texture" },
				"north": { "uv": [ 14, 0, 8, 1 ], "texture": "#texture" },
				"south": { "uv": [ 8, 0, 14, 1 ], "texture": "#texture" },
				"west": { "uv": [ 8, 0, 9, 1 ], "texture": "#texture" },
				"east": { "uv": [ 14, 0, 13, 1 ], "texture": "#texture" }
			}
		}
	],
	"display": {
		"thirdperson_righthand": {
			"rotation":  [ -5, 0, 0 ],
			"translation":  [ 0, 2, 1 ],
			"scale":  [ 0.5, 0.5, 0.5 ]
		},
		"thirdperson_lefthand": {
			"rotation":  [ -5, 0, 0 ],
			"translation":  [ 0, 2, 1 ],
			"scale":  [ 0.5, 0.5, 0.5 ]
		},
		"firstperson_righthand": {
			"translation":  [ 0, 3, 0 ],
			"scale":  [ 0.5, 0.5, 0.5 ]
		},
		"firstperson_lefthand": {
			"translation":  [ 0, 3, 0 ],
			"scale":  [ 0.5, 0.5, 0.5 ]
		},
		"gui": {
			"rotation":  [ 10, 0, 0 ],
			"scale":  [ 0.8, 0.8, 0.8 ]
		},
		"ground": {
			"translation":  [ 0, 3, 0 ],
			"scale":  [ 0.25, 0.25, 0.25 ]
		}
	}
}